Email,Name,"Create At",Company,"Phone Number","Physical Address","Physical Address City","Physical Address State","Physical Address Zipcode","Physical Address Country","Shipping Address","Shipping Address City","Shipping Address State","Shipping Address Zipcode","Shipping Address Country",Birthday,URL,"Facebook URL","Twitter URL","Google+ URL",Notes,"Opt In Status"
fabianb@ihug.com.au,"F B","2018-03-29 01:03:35",,,,,,,,,,,,,,,,,,,"opted in"
lily.haugh@sydstu.catholic.edu.au,"Lily Haugh","2019-09-16 05:42:27",,,,,,,,,,,,,,,,,,,"opted in"
sangheradali5@gmail.com,"Dali to Sanghera","2019-12-13 21:42:22",,,,,,,,,,,,,,,,,,,"opted in"
1712108@wwstudent.ogr,"Kira Mason","2020-10-02 14:34:36",,,,,,,,,,,,,,,,,,,"opted in"
legacygirl808@gmail.com,"Jennifer Brook","2019-06-19 02:23:02",,,,,,,,,,,,,,,,,,,"opted in"
fakegmail@gmail.com,"fake gmail","2020-02-29 23:36:33",,,,,,,,,,,,,,,,,,,"opted in"
vicky@farphotography.com.au,"Vicky Funston","2020-06-26 11:34:54",,,,,,,,,,,,,,,,,,,"opted in"
seren1@rbx.life,"Toni SKy","2022-03-06 02:59:44",,,,,,,,,,,,,,,,,,,"opted in"
casbisko@gmail.com,"Cassandra Bisko","2019-11-01 21:09:35",,,,,,,,,,,,,,,,,,,"opted in"
brendanjonsmith@gmail.com,"Brendan Smith","2021-04-13 13:56:56",,,,,,,,,,,,,,,,,,,"opted in"
karen60robertson@gmail.com,"Karen Robertson","2022-01-10 01:59:57",,,,,,,,,,,,,,,,,,,"opted in"
ww1693@gmail.com,"Wendy Wood","2019-12-17 16:35:35",,,,,,,,,,,,,,,,,,,"opted in"
tarneemorey@gmail.com,"Tarnee Morey","2020-11-08 11:45:19",,,,,,,,,,,,,,,,,,,"opted in"
jwhite16@gmail.com,"Kaung Myat","2018-04-17 18:07:41",,,,,,,,,,,,,,,,,,,"opted in"
ross@stelogic.co.uk,"Ross Cunningham","2019-04-28 22:37:08",,,,,,,,,,,,,,,,,,,"opted in"
daniellepberg3@gmail.com,,"2020-04-23 16:15:49",,,,,,,,,,,,,,,,,,,"opted in"
info@tribalbeach.com.au,"Kylie Baracz","2021-01-29 09:19:20",,,,,,,,,,,,,,,,,,,"opted in"
emi.w@hotmail.co.uk,"Emily Wardrop","2020-10-18 17:01:47",,,,,,,,,,,,,,,,,,,"opted in"
jon524349@stu.aasd.k12.wi.us,"Almeta Jones","2020-01-06 22:12:30",,,,,,,,,,,,,,,,,,,"opted in"
shanksm@live.com,"Marie Shanks","2020-04-19 12:23:31",,,,,,,,,,,,,,,,,,,"opted in"
bronwyn@bronwynpatterson.com,"Bronwyn Patterson","2019-10-15 19:13:36",,,,,,,,,,,,,,,,,,,"opted in"
nmertz@wegroweco.org,"noah mertz","2021-08-02 21:23:24",,,,,,,,,,,,,,,,,,,"opted in"
tatchisu@gmail.com,"Sue T","2024-04-05 21:13:29",,,,,,,,,,,,,,,,,,,"opted in"
isemple@telus.net,"Ian Semple","2019-10-21 21:32:32",,,,,,,,,,,,,,,,,,,"opted in"
lachjant@gmail.com,,"2023-05-20 03:39:15",,,,,,,,,,,,,,,,,,,"opted in"
lynmnc1@gmail.com,"Lynette McNamara","2022-10-02 23:00:39",,,,,,,,,,,,,,,,,,,"opted in"
ehabba@ttmc.co.uk,"Emma Habba","2020-11-26 16:13:41",,,,,,,,,,,,,,,,,,,"opted in"
louwhit@hotmail.com,"Lou Watts","2021-10-23 23:01:00",,,,,,,,,,,,,,,,,,,"opted in"
adamsj@dyc.edu,"Jamie Adams","2022-06-20 14:47:31",,,,,,,,,,,,,,,,,,,"opted in"
info@flushedeco.com.au,"RENEE GARCIA","2020-09-14 02:53:20",,,,,,,,,,,,,,,,,,,"opted in"
oleg.velker@infinitterra.co.uk,"OLEG VELKER","2021-03-15 14:04:54",,,,,,,,,,,,,,,,,,,"opted in"
ellen.patricia.reid@gmail.com,"Ellen Reid","2018-06-08 21:11:32",,,,,,,,,,,,,,,,,,,"opted in"
vandasdave@yahoo.com,"Dave  Vandas","2019-12-21 00:05:39",,,,,,,,,,,,,,,,,,,"opted in"
joaor_machado@hotmail.com,"João Ricardo Lopes Machado","2019-12-12 21:33:59",,,,,,,,,,,,,,,,,,,"opted in"
marcusglynn72@gmail.com,"Marcus Glynn","2017-12-29 11:50:34",,,,,,,,,,,,,,,,,,,"opted in"
yourmom@gmail.com,"andrew davis","2024-05-16 12:52:58",,,,,,,,,,,,,,,,,,,"opted in"
berger.sabine@gmail.com,"Sabine Berger","2019-05-23 13:17:50",,,,,,,,,,,,,,,,,,,"opted in"
izzy.porter@icloud.com,"Isobel Mullins","2019-03-22 23:54:38",,,,,,,,,,,,,,,,,,,"opted in"
erindemmon@gmail.com,"Erin Demmon","2023-12-09 22:46:53",,,,,,,,,,,,,,,,,,,"opted in"
renonkylie@gmail.com,"K Ritter","2018-03-08 01:09:12",,,,,,,,,,,,,,,,,,,"opted in"
marnix@imaginationlab.nl,"Marnix van de Vijver","2018-05-15 14:39:01",,,,,,,,,,,,,,,,,,,"opted in"
salsabilapradita17@gmail.com,"salsabila nanda  pradita","2022-10-26 02:43:51",,,,,,,,,,,,,,,,,,,"opted in"
rhiannonsmith4@hotmail.com,"Rhiannon Smith","2023-11-11 22:46:02",,,,,,,,,,,,,,,,,,,"opted in"
jerry.alphanto@gmail.com,"Jerry Alphanto","2021-05-31 15:15:20",,,,,,,,,,,,,,,,,,,"opted in"
sugarcube1400@hotmail.com,"sugar cube","2020-10-08 17:01:16",,,,,,,,,,,,,,,,,,,"opted in"
kaydipla@gmail.com,"Kaylah Di Placido","2018-06-08 02:10:23",,,,,,,,,,,,,,,,,,,"opted in"
manish.chturvedi@gmail.com,"MANISH CHATURVEDI","2019-05-28 04:43:43",,,,,,,,,,,,,,,,,,,"opted in"
baerch7@gmail.com,"Christian  Ballnath","2019-10-10 20:57:17",,,,,,,,,,,,,,,,,,,"opted in"
s.lobwein@me.com,"Sarah-Jo Lobwein","2019-08-28 08:25:15",,,,,,,,,,,,,,,,,,,"opted in"
kdc00@icloud.com,"Kylee Clover","2023-01-29 18:13:27",,,,,,,,,,,,,,,,,,,"opted in"
chelleb_7@hotmail.com,"Michelle Watkins","2019-03-12 11:47:20",,,,,,,,,,,,,,,,,,,"opted in"
helerose13@gmail.com,"Heloise Turner","2018-02-06 02:23:37",,,,,,,,,,,,,,,,,,,"opted in"
hardeep@knowmygroup.com,"Hardeep Girn","2018-03-21 01:57:08",,,,,,,,,,,,,,,,,,,"opted in"
chris@needessentials.com,"Chris McDonald","2023-01-30 01:26:05",,,,,,,,,,,,,,,,,,,"opted in"
bronwen.wadeleeuwen@mq.edu.au,"Bronwen Wadeleeuwen","2021-08-01 11:04:30",,,,,,,,,,,,,,,,,,,"opted in"
michelle.a.bedford@coastguard.com.au,"Michelle Bedford","2019-02-14 06:13:28",,,,,,,,,,,,,,,,,,,"opted in"
amypriemus@gmail.com,"Amy Priemus","2019-06-08 01:06:17",,,,,,,,,,,,,,,,,,,"opted in"
sharhn80@hotmail.com,"Sharhn Wlodkowski","2018-03-23 01:16:20",,,,,,,,,,,,,,,,,,,"opted in"
stwalmsley5@gmail.com,"Tony Walmsley","2020-03-13 02:55:58",,,,,,,,,,,,,,,,,,,"opted in"
b.f.malinowski@gmail.com,"Bruce Malinowski","2018-03-06 18:50:56",,,,,,,,,,,,,,,,,,,"opted in"
priyantha@topaz.lk,"priyantha jude","2018-04-09 04:44:17",,,,,,,,,,,,,,,,,,,"opted in"
tony.gay.photographer@gmail.com,"Tony Gay","2021-11-11 01:44:07",,,,,,,,,,,,,,,,,,,"opted in"
kellenrhuang@gmail.com,"Kellen Huang","2019-11-25 06:06:14",,,,,,,,,,,,,,,,,,,"opted in"
zcl073@gmail.com,"Z He","2022-10-01 16:03:41",,,,,,,,,,,,,,,,,,,"opted in"
brockbank81@yahoo.com,"Matthew C. G. Brockbank","2019-12-22 18:26:58",,,,,,,,,,,,,,,,,,,"opted in"
gembundy@icloud.com,"Gemma  Bundy","2018-03-06 21:49:36",,,,,,,,,,,,,,,,,,,"opted in"
e.kaziro@bigpond.com,"Elizabeth Kaziro","2023-10-25 02:22:46",,,,,,,,,,,,,,,,,,,"opted in"
maddison.sarah@gmail.com,"Sarah Maddison","2019-10-12 08:36:24",,,,,,,,,,,,,,,,,,,"opted in"
garricsara6@yahoo.com,"sara garric","2022-09-17 08:04:45",,,,,,,,,,,,,,,,,,,"opted in"
hayley.robins@live.com,"Hayley Robins","2019-04-15 22:47:11",,,,,,,,,,,,,,,,,,,"opted in"
sarah.belsar@gmail.com,"Sarah Belsar","2018-01-19 21:32:00",,,,,,,,,,,,,,,,,,,"opted in"
cleanamarina@optusnet.com.au,"Mark Loader","2019-02-22 08:07:34",,,,,,,,,,,,,,,,,,,"opted in"
hx-gy19@live.cn,"xiao hu","2018-03-24 19:18:54",,,,,,,,,,,,,,,,,,,"opted in"
vesta46@jephy-webmail.com,"Andres Hilpert","2022-04-28 12:12:48",,,,,,,,,,,,,,,,,,,"opted in"
mick@liubinskas.com,"Mick Liubinskas","2019-10-24 08:21:30",,,,,,,,,,,,,,,,,,,"opted in"
broz5@hotmail.com,"Amanda Brosowsky","2021-03-01 23:56:37",,,,,,,,,,,,,,,,,,,"opted in"
sophiebeecee@gmail.com,"Sophie BroughtonCunningham","2021-10-03 01:48:26",,,,,,,,,,,,,,,,,,,"opted in"
rah1672@hotmail.com,"Rahul Mahabeer","2019-10-03 11:14:49",,,,,,,,,,,,,,,,,,,"opted in"
janniebrown@bigpond.com,"jannie brown","2019-04-09 01:11:00",,,,,,,,,,,,,,,,,,,"opted in"
cognitas@msn.com,"Diana Cowans","2024-08-20 22:42:29",,,,,,,,,,,,,,,,,,,"opted in"
judyjpdunster@gmail.com,"Judy Dunster","2022-09-04 05:28:10",,,,,,,,,,,,,,,,,,,"opted in"
janet.anstee@csiro.au,"janet anstee","2020-05-12 23:03:18",,,,,,,,,,,,,,,,,,,"opted in"
kazclarke1@bigpond.com,"Kaz Clarke","2020-07-20 21:16:13",,,,,,,,,,,,,,,,,,,"opted in"
sandra.fachin@oceanodigital.com.br,"sandra fachin","2019-12-09 12:13:12",,,,,,,,,,,,,,,,,,,"opted in"
pfmaddock@gmail.com,"Paul Maddock","2017-06-08 02:05:50",,,,,,,,,,,,,,,,,,,"opted in"
angelicadnav@yahoo.com,"angelica navarre","2022-09-09 07:09:16",,,,,,,,,,,,,,,,,,,"opted in"
juleslin@me.com,"Jules Lin","2024-05-01 00:15:34",,,,,,,,,,,,,,,,,,,"opted in"
praneethtugnait65@gmail.com,"Praneeth Tugnait","2019-07-15 11:55:54",,,,,,,,,,,,,,,,,,,"opted in"
gerard.manrique@gmail.com,"GERARD MANRIQUE","2019-09-13 10:44:47",,,,,,,,,,,,,,,,,,,"opted in"
lynndateach@aol.com,"Lynnda Palmer","2019-02-23 15:15:59",,,,,,,,,,,,,,,,,,,"opted in"
trev77meyer@gmail.com,"trevor  meyer","2018-05-16 17:14:14",,,,,,,,,,,,,,,,,,,"opted in"
abby.bernath123@gmail.com,"Abby Bernath","2020-08-18 07:17:40",,,,,,,,,,,,,,,,,,,"opted in"
odenplanfg@gmail.com,"Ahmed Yassin","2024-10-07 23:38:32",,,,,,,,,,,,,,,,,,,"opted in"
ross@olden.com.au,"Ross Olden","2020-11-28 23:13:16",,,,,,,,,,,,,,,,,,,"opted in"
jjcjoshcroll@gmail.com,"Josh Croll","2020-10-26 05:17:51",,,,,,,,,,,,,,,,,,,"opted in"
manish@gmail.com,"Meow Patel","2018-08-27 14:05:15",,,,,,,,,,,,,,,,,,,"opted in"
courtaj7@gmail.com,"Courtney J","2021-04-23 04:48:30",,,,,,,,,,,,,,,,,,,"opted in"
seanmaher@iinet.net.au,"Sean Maher","2024-09-09 06:35:59",,,,,,,,,,,,,,,,,,,"opted in"
natkennedysmith@gmail.com,"Natalie Smith","2019-10-16 00:59:10",,,,,,,,,,,,,,,,,,,"opted in"
nicolasboza@gmail.com,"Boza Celi","2018-02-06 18:46:45",,,,,,,,,,,,,,,,,,,"opted in"
kanbe47@gmail.com,"Masaru Kanno","2018-08-20 13:55:52",,,,,,,,,,,,,,,,,,,"opted in"
scruickshank@dualasiapacific.com,"Sophie Cruickshank","2020-06-01 23:13:42",,,,,,,,,,,,,,,,,,,"opted in"
livstep3@gmail.com,"Olivia Stephenson","2019-09-27 07:43:41",,,,,,,,,,,,,,,,,,,"opted in"
abiperumalskani@gmail.com,"Abinaya P","2019-11-21 07:46:41",,,,,,,,,,,,,,,,,,,"opted in"
youssef.clashertomtom@gmail.com,"youssef mitkis","2019-10-12 12:59:18",,,,,,,,,,,,,,,,,,,"opted in"
sudareva.n@gmail.com,"Natasha Beecroft","2020-11-23 05:45:17",,,,,,,,,,,,,,,,,,,"opted in"
egough2@bigpond.com,"Liz Gough","2019-03-16 08:17:36",,,,,,,,,,,,,,,,,,,"opted in"
dyanaebj182@gmail.com,"Dyana Bouwmeester-Jones","2018-09-03 01:25:11",,,,,,,,,,,,,,,,,,,"opted in"
suckurmom@googlemail.com,"bob cena","2022-07-04 10:42:16",,,,,,,,,,,,,,,,,,,"opted in"
gjeikens2@gmail.com,"George Eikens","2021-11-04 03:15:55",,,,,,,,,,,,,,,,,,,"opted in"
dahickey46@gmail.com,"David Hickey","2019-08-24 11:21:02",,,,,,,,,,,,,,,,,,,"opted in"
lodgethedodge@gmail.com,"logan kelly","2020-04-07 15:10:57",,,,,,,,,,,,,,,,,,,"opted in"
julianfalkenstein@gmail.com,"julian Falkenstein","2019-02-25 22:18:45",,,,,,,,,,,,,,,,,,,"opted in"
aarthiab@yahoo.com,"a s","2022-08-14 08:19:32",,,,,,,,,,,,,,,,,,,"opted in"
ybohorquezm@gmail.com,"Yury Bohórquez","2019-01-21 14:35:22",,,,,,,,,,,,,,,,,,,"opted in"
victoria6100@hotmail.com,"Victoria Hunt","2022-05-18 04:43:57",,,,,,,,,,,,,,,,,,,"opted in"
bonditaydesigns@gmail.com,"Bondi Tay","2020-04-16 13:41:13",,,,,,,,,,,,,,,,,,,"opted in"
luce.tregear@gmail.com,"Lucille Tregear","2021-01-28 01:30:02",,,,,,,,,,,,,,,,,,,"opted in"
claire@leadgendata.info,"Claire Divas","2021-06-09 05:32:42",,,,,,,,,,,,,,,,,,,"opted in"
bryonynash@icloud.com,"Bryony Nash","2019-05-26 10:24:35",,,,,,,,,,,,,,,,,,,"opted in"
holzylk@hotmail.com,"Hollie Knowles","2019-08-08 04:15:56",,,,,,,,,,,,,,,,,,,"opted in"
efwcewewf@ftg.com,"gsregres reggregre","2021-01-11 17:47:36",,,,,,,,,,,,,,,,,,,"opted in"
jhxu27@iskl.edu.my,"hryy jj","2020-05-15 04:30:01",,,,,,,,,,,,,,,,,,,"opted in"
seaview@wn.com.au,,"2021-12-21 09:28:30",,,,,,,,,,,,,,,,,,,"opted in"
oneaea.jarrad@gmail.com,"Oneaea jarrad","2020-07-11 03:29:27",,,,,,,,,,,,,,,,,,,"opted in"
islainbloom@gmail.com,"MISHA SMITS","2020-06-21 22:56:56",,,,,,,,,,,,,,,,,,,"opted in"
the.angie.flynn@gmail.com,"Angela Flynn","2022-09-18 01:16:16",,,,,,,,,,,,,,,,,,,"opted in"
glassworld@aol.com,"Edmund Glass","2023-12-24 16:59:14",,,,,,,,,,,,,,,,,,,"opted in"
boydbwell@gmail.com,"Boyd Blackwell","2018-08-14 01:16:09",,,,,,,,,,,,,,,,,,,"opted in"
bmahoney01@gmail.com,"Brian Mahoney","2019-12-29 13:57:29",,,,,,,,,,,,,,,,,,,"opted in"
oreilly@uol.com.br,"Carlos O'Reilly","2019-03-30 14:52:40",,,,,,,,,,,,,,,,,,,"opted in"
otway2@gmail.com,"David Murdoch","2021-11-15 08:47:11",,,,,,,,,,,,,,,,,,,"opted in"
ryan.flynn@usa.net,"Ryan Flynn","2019-06-21 14:17:56",,,,,,,,,,,,,,,,,,,"opted in"
colm.omathuna@gmail.com,"Colm OMathuna","2019-08-28 23:36:58",,,,,,,,,,,,,,,,,,,"opted in"
david.fox088@gmail.com,"David Fox","2021-07-19 07:43:22",,,,,,,,,,,,,,,,,,,"opted in"
wendywait1@gmail.com,"Wendy Wait","2019-05-01 11:27:58",,,,,,,,,,,,,,,,,,,"opted in"
daniel.vairo@hotmail.com,"Dan Vairo","2024-03-19 02:21:36",,,,,,,,,,,,,,,,,,,"opted in"
terry.capewell@ntlworld.com,"Terry Capewell","2019-10-13 10:07:00",,,,,,,,,,,,,,,,,,,"opted in"
ninaharris@westnet.com.au,"Nina  Harris","2020-03-13 04:22:26",,,,,,,,,,,,,,,,,,,"opted in"
kath@vortexsurfskatesnow.com.au,"Katherine Cousins","2018-01-03 23:58:03",,,,,,,,,,,,,,,,,,,"opted in"
apepple25@gmail.com,"Tony Pepple","2024-02-11 22:37:57",,,,,,,,,,,,,,,,,,,"opted in"
mitzibonebrake@gmail.com,"Mitzi Bonebrake","2019-12-23 08:10:56",,,,,,,,,,,,,,,,,,,"opted in"
matthew@greatoceanroadrealestate.com.au,"Matthew Neill","2020-03-10 19:45:02",,,,,,,,,,,,,,,,,,,"opted in"
anahiiowo@gmail.com,"Anahi Gonzales","2023-04-27 16:32:42",,,,,,,,,,,,,,,,,,,"opted in"
rahul.jamwal@arktastic.com,"Rahul Jamwal","2021-11-13 19:50:49",,,,,,,,,,,,,,,,,,,"opted in"
liyamoada412@gmail.com,"yamo Li","2018-03-12 00:51:52",,,,,,,,,,,,,,,,,,,"opted in"
onetonpump@gmail.com,"Tony  Nelson","2022-05-06 11:55:45",,,,,,,,,,,,,,,,,,,"opted in"
heathmathias@protonmail.com,"Heath Mathias","2019-07-04 11:27:59",,,,,,,,,,,,,,,,,,,"opted in"
agonis@aussiebb.com.au,"Sue  Murphy","2019-10-07 04:03:15",,,,,,,,,,,,,,,,,,,"opted in"
lam@ganda.org,"CL Lam","2019-01-05 03:28:19",,,,,,,,,,,,,,,,,,,"opted in"
theresaschryer@yahoo.com,"Theresa Schryer","2019-03-15 03:24:23",,,,,,,,,,,,,,,,,,,"opted in"
cc.howe1503@gmail.com,"Cecilia Howe","2018-06-12 06:34:41",,,,,,,,,,,,,,,,,,,"opted in"
karunatzadi@gmail.com,"Karuna  Arnold","2024-02-02 07:44:40",,,,,,,,,,,,,,,,,,,"opted in"
ddstohr@bigpond.com,"Dale Stohr","2018-04-12 00:13:55",,,,,,,,,,,,,,,,,,,"opted in"
mesagarden74@gmail.com,"S Goff","2021-12-29 21:24:36",,,,,,,,,,,,,,,,,,,"opted in"
claire@thebraveryishere.com,"claire maloney","2018-01-03 03:06:21",,,,,,,,,,,,,,,,,,,"opted in"
office@hopeaustralia.org.au,,"2024-01-14 22:10:44","Householders' Options to Protect the Environment Inc.",,,,,,,,,,,,,,,,,,"opted in"
stodartsimon@gmail.com,"Simon  Stodart","2019-03-30 06:10:17",,,,,,,,,,,,,,,,,,,"opted in"
yukoman725@hotmail.com,"Yuko Tada","2019-12-01 14:14:50",,,,,,,,,,,,,,,,,,,"opted in"
paul@sbtree.com,"Paul Chaney","2019-11-01 04:50:21",,,,,,,,,,,,,,,,,,,"opted in"
w_oberg@yahoo.com,"William Oberg","2018-02-17 03:50:44",,,,,,,,,,,,,,,,,,,"opted in"
santiago.gaja@aecom.com,"Santiago Gaja","2018-07-25 17:15:49",,,,,,,,,,,,,,,,,,,"opted in"
webster_kris@jephy-webmail.com,"Devante Kling","2022-04-28 12:18:27",,,,,,,,,,,,,,,,,,,"opted in"
trgrimmett@gmail.com,"Tom Grimmett","2021-10-13 20:07:38",,,,,,,,,,,,,,,,,,,"opted in"
sandraallen359@gmail.com,"df df","2020-06-10 19:48:00",,,,,,,,,,,,,,,,,,,"opted in"
mandybryan66@gmail.com,"Mandy Bee","2020-01-12 10:47:18",,,,,,,,,,,,,,,,,,,"opted in"
maritomolino@gmail.com,"MARITO MOLINO","2021-10-22 04:12:41",,,,,,,,,,,,,,,,,,,"opted in"
sabrinagte@gmail.com,"Sabrina Gasparote","2018-07-30 01:35:24",,,,,,,,,,,,,,,,,,,"opted in"
christine_lehpamer@hotmail.com,"Chrissy Lehpamer","2021-04-03 22:54:36",,,,,,,,,,,,,,,,,,,"opted in"
woodleg@bigpond.com,"rachel wood","2021-10-26 02:55:43",,,,,,,,,,,,,,,,,,,"opted in"
brodietaylor@gmail.com,"Brodie Taylor","2017-12-31 11:20:16",,,,,,,,,,,,,,,,,,,"opted in"
nathanwatkins@live.com.au,"Nathan Watkins","2021-11-22 11:04:53",,,,,,,,,,,,,,,,,,,"opted in"
kinga.pas@gmail.com,"Kinga Hague","2021-08-08 23:36:42",,,,,,,,,,,,,,,,,,,"opted in"
leo.radcliffe01@gmail.com,"bob bob","2021-11-12 03:27:43",,,,,,,,,,,,,,,,,,,"opted in"
mmmdelta2012@gmail.com,"Виктор Скляров","2019-03-25 07:21:16",,,,,,,,,,,,,,,,,,,"opted in"
gerslo63@gmail.com,"Gerard Sloan","2018-08-31 22:57:06",,,,,,,,,,,,,,,,,,,"opted in"
biegunc@covertps.org,"Carol Biegun","2023-09-30 14:22:32",,,,,,,,,,,,,,,,,,,"opted in"
mailevagreen@gmail.com,"Eva Green","2022-10-13 07:56:22",,,,,,,,,,,,,,,,,,,"opted in"
cleora11@bocah.team,"Shaniya Batz","2024-03-09 19:13:28",,,,,,,,,,,,,,,,,,,"opted in"
edriparian@gmail.com,"Ed Parian","2017-12-22 21:14:46",,,,,,,,,,,,,,,,,,,"opted in"
surfnatural@gmail.com,"Liam Dennis-green","2020-11-24 20:34:31",,,,,,,,,,,,,,,,,,,"opted in"
davidernonellis@gmail.com,"David Ellis","2019-05-05 22:54:08",,,,,,,,,,,,,,,,,,,"opted in"
lewiscgj@yahoo.com,"C S","2024-10-07 13:45:45",,,,,,,,,,,,,,,,,,,"opted in"
rick.galliher@1800gotjunk.com,"Rick Galliher","2021-03-03 03:59:29",,,,,,,,,,,,,,,,,,,"opted in"
robinfdmag@gmail.com,"Robin Maguire","2019-12-17 02:46:01",,,,,,,,,,,,,,,,,,,"opted in"
harryt1952@yahoo.com,"Harry Thompson","2021-09-22 02:34:40",,,,,,,,,,,,,,,,,,,"opted in"
rebeccabanks01@gmail.com,"Becky Banks","2021-10-10 03:47:08",,,,,,,,,,,,,,,,,,,"opted in"
wendywen1@hotmail.com,"Wendy Lucas","2021-03-18 04:17:39",,,,,,,,,,,,,,,,,,,"opted in"
beautifulbeachlifeliving@gmail.com,"Danielle W","2017-08-08 13:34:42",,,,,,,,,,,,,,,,,,,"opted in"
mogginthemog@homail.com,"maggie omara","2021-11-09 12:19:06",,,,,,,,,,,,,,,,,,,"opted in"
spalminha@hotmail.com,"Susana Palminha","2021-05-03 17:53:47",,,,,,,,,,,,,,,,,,,"opted in"
eunoiasix6@gmail.com,"Jay Mac","2019-11-22 19:57:00",,,,,,,,,,,,,,,,,,,"opted in"
sue.cairns@bigpond.com,"Sue Cairns","2019-10-27 13:06:20",,,,,,,,,,,,,,,,,,,"opted in"
wiemann.anja@t-online.de,"Anja Wiemann","2019-06-18 15:07:20",,,,,,,,,,,,,,,,,,,"opted in"
karoetm@gmail.com,"Karolina Etmańska","2018-07-14 22:32:27",,,,,,,,,,,,,,,,,,,"opted in"
ingebouwman@planet.nl,"Inge Bouwman","2021-02-01 11:09:32",,,,,,,,,,,,,,,,,,,"opted in"
mamma1@live.nl,"Yolanda Schipper","2017-12-07 21:40:41",,,,,,,,,,,,,,,,,,,"opted in"
dsalcedo@altogethergroup.com.au,"Diego Salcedo","2022-01-06 04:20:57",,,,,,,,,,,,,,,,,,,"opted in"
techiezee@gmail.com,"Zedrik Avecilla","2021-08-01 03:30:20",,,,,,,,,,,,,,,,,,,"opted in"
ereddyakhil123@gmail.com,"Ereddy Akhil Reddy","2019-10-22 04:00:38",,,,,,,,,,,,,,,,,,,"opted in"
bonniejean10828@yahoo.com,"bonnie sobol","2019-08-18 23:34:33",,,,,,,,,,,,,,,,,,,"opted in"
cheno_brown@hotmail.com,"Drew Schilling","2022-11-27 03:04:06",,,,,,,,,,,,,,,,,,,"opted in"
emma.orgrove@gmail.com,"Emma Norgrove","2023-09-17 12:03:38",,,,,,,,,,,,,,,,,,,"opted in"
srr789@myyahoo.com,"Savannah Rae","2024-02-01 05:24:49",,,,,,,,,,,,,,,,,,,"opted in"
emmaavrilbell1@gmail.com,"Emma Bell","2018-03-13 04:24:36",,,,,,,,,,,,,,,,,,,"opted in"
paul@oceanarc.com.au,"Jones Paul","2017-12-09 23:33:09",,"0412 281 392","62 Butler St",,Nsw,,,,,,,,,,,,,,"opted in"
mclv.des@gmail.com,"Vanessa Desloires","2018-01-09 20:37:31",,,,,,,,,,,,,,,,,,,"opted in"
aliciadrew@optusnet.com.au,"Alicia Drew","2018-03-06 15:12:00",,,,,,,,,,,,,,,,,,,"opted in"
gellis01@optusnet.com.au,"Gabriella  Ellis","2021-02-02 19:56:43",,,,,,,,,,,,,,,,,,,"opted in"
stacie@cnyfinancialgroup.com,"stacie hutch","2020-05-29 17:10:09",,,,,,,,,,,,,,,,,,,"opted in"
sband@bigpond.net.au,"Steve Band","2019-09-19 11:15:54",,,,,,,,,,,,,,,,,,,"opted in"
pasqua.bianco@gmail.com,"Pasquale Bianco","2019-04-06 21:40:03",,,,,,,,,,,,,,,,,,,"opted in"
jill.erikssen@y7mail.com,"Jill  Erikssen","2020-06-01 06:30:51",,,,,,,,,,,,,,,,,,,"opted in"
hosway@gmail.com,"Josh Luck","2019-10-06 05:06:37",,,,,,,,,,,,,,,,,,,"opted in"
lena.remy@gmail.com,"Lena Remy","2024-05-24 23:02:04",,,,,,,,,,,,,,,,,,,"opted in"
robertfrediani@hotmail.com,"Robert Frediani","2017-12-09 23:33:08",,,"35 Shorts Road",,VIC,,,,,,,,,,,,,,"opted in"
damianronksley@me.com,"Damian Ronksley","2023-04-07 16:14:39",,,,,,,,,,,,,,,,,,,"opted in"
dmuller@tmabluetech.org,"Danielle Muller","2022-06-16 17:54:35",,,,,,,,,,,,,,,,,,,"opted in"
anamaria.blevins@gmail.com,"Ana Blevins","2019-12-15 23:58:25",,,,,,,,,,,,,,,,,,,"opted in"
britneyreibelt@gmail.com,"Britney  Reibelt","2019-06-20 00:02:28",,,,,,,,,,,,,,,,,,,"opted in"
jacob.lee10@icloud.com,"candice dick fit in your mouth","2021-06-15 04:33:38",,,,,,,,,,,,,,,,,,,"opted in"
coconutorganics@gmail.com,"sal cleeve","2019-09-12 01:32:56",,,,,,,,,,,,,,,,,,,"opted in"
sarabangkok@gmail.com,"Marisara Satrulee","2022-08-24 00:57:38",,,,,,,,,,,,,,,,,,,"opted in"
eliza@taskcrusher.com.au,"Eliza Smith","2019-11-22 07:44:47",,,,,,,,,,,,,,,,,,,"opted in"
chiefsfans1@sbcglobal.net,"Jessie Johnson","2018-08-04 21:02:29",,,,,,,,,,,,,,,,,,,"opted in"
graphicelvis@gmail.com,"P.J. Harding","2024-05-19 15:45:06",,,,,,,,,,,,,,,,,,,"opted in"
sasitamizhan72@gmail.com,"Sasi Kumar","2020-02-08 20:40:09",,,,,,,,,,,,,,,,,,,"opted in"
nicolenevanzyl3@gmail.com,"Nic van Zyl","2019-08-26 13:31:31",,,,,,,,,,,,,,,,,,,"opted in"
laurie.cheoux@grupobimbo.com,"LAURIE CHEOUX","2021-07-02 12:12:12",,,,,,,,,,,,,,,,,,,"opted in"
fiona.wilkie.au@gmail.com,"Fiona Wilkie","2022-11-30 23:33:24",,,,,,,,,,,,,,,,,,,"opted in"
dmccloskey@piac.asn.au,"douglas mccloskey","2020-06-23 06:55:27",,,,,,,,,,,,,,,,,,,"opted in"
christylove1766@gmail.com,"christy cota","2019-11-15 03:19:33",,,,,,,,,,,,,,,,,,,"opted in"
peter@awmawatercontrol.com.au,"Peter Ebenwaldner","2021-09-01 04:58:52",,,,,,,,,,,,,,,,,,,"opted in"
ganier@aforbes.com,"raz ganie","2019-10-07 08:28:32",,,,,,,,,,,,,,,,,,,"opted in"
trishedennis@gmail.com,"Trish Dennis","2021-06-08 02:43:07",,,,,,,,,,,,,,,,,,,"opted in"
nbritton@gofundme.com,"Nicola Britton","2021-09-13 21:45:16",,,,,,,,,,,,,,,,,,,"opted in"
jonathanlevy@live.co.uk,"Jonathan Levy","2021-10-18 20:39:43",,,,,,,,,,,,,,,,,,,"opted in"
bill.jackson1@gmail.com,"Bill Jackson","2019-11-24 04:35:48",,,,,,,,,,,,,,,,,,,"opted in"
ggiorge@outlook.com,"Grace Giorge","2021-05-15 00:00:19",,,,,,,,,,,,,,,,,,,"opted in"
tannahmunson@outlook.com,"Tannah Munson","2018-05-23 11:28:26",,,,,,,,,,,,,,,,,,,"opted in"
velawsmo@gmail.com,"Noah V","2019-12-12 05:13:47",,,,,,,,,,,,,,,,,,,"opted in"
dawns1346@mackillop.vic.edu.au,"Mary Daw","2019-09-18 03:53:10",,,,,,,,,,,,,,,,,,,"opted in"
tonyhaines3@gmail.com,"Tony Haines","2021-10-04 09:02:48",,,,,,,,,,,,,,,,,,,"opted in"
nessy8472@gmail.com,"DAVID LOCKEY","2021-07-25 01:32:53",,,,,,,,,,,,,,,,,,,"opted in"
rguillemette@guill.com,,"2019-12-18 04:13:54",,,,,,,,,,,,,,,,,,,"opted in"
ljcomer@yahoo.com,"Leona   Comer","2019-06-30 19:44:08",,,,,,,,,,,,,,,,,,,"opted in"
irene.wright3@bigpond.com,"Irene Wright","2019-08-28 07:04:13",,,,,,,,,,,,,,,,,,,"opted in"
lisahubbard@charter.net,"Lisa Hubbard","2019-11-01 12:53:19",,,,,,,,,,,,,,,,,,,"opted in"
ashleyeorr@hotmail.com,"Ashley Orr","2018-06-19 23:08:44",,,,,,,,,,,,,,,,,,,"opted in"
soils@soilmaster.com,"Rob  C","2024-05-19 16:17:19",,,,,,,,,,,,,,,,,,,"opted in"
alessandrocarboneromano@gmail.com,"Alessandro Romano","2020-01-30 19:54:56",,,,,,,,,,,,,,,,,,,"opted in"
martynthomas5@gmail.com,"martyn thomas","2021-07-12 03:12:33",,,,,,,,,,,,,,,,,,,"opted in"
murrayraeburn@gmail.com,"Murray Raeburn","2021-06-16 07:36:02",,,,,,,,,,,,,,,,,,,"opted in"
rjmoore13@icloud.com,"Rhylee  Moore","2022-06-21 05:15:25",,,,,,,,,,,,,,,,,,,"opted in"
jessica.brain@live.com,"Jess Brain","2018-02-22 03:25:49",,,,,,,,,,,,,,,,,,,"opted in"
luoxingyi@gmail.com,"Chloe Luo","2019-10-07 00:08:22",,,,,,,,,,,,,,,,,,,"opted in"
sophie.cardillo@pulteney.sa.edu.au,"Sophie Cardillo","2019-03-05 23:53:15",,,,,,,,,,,,,,,,,,,"opted in"
1davidmorris@gmail.com,"David Morris","2020-02-19 07:37:18",,,,,,,,,,,,,,,,,,,"opted in"
donking@centurylink.net,"Don King","2021-12-07 15:50:02",,,,,,,,,,,,,,,,,,,"opted in"
jeffreymarshall122@gmail.com,"JEFFREY MARSHALL","2018-06-12 15:41:00",,,,,,,,,,,,,,,,,,,"opted in"
ana.qurdadze@yahoo.com,"Anna Qurdadze","2019-10-10 13:57:18",,,,,,,,,,,,,,,,,,,"opted in"
112805@student.bmg.vic.edu.au,"Madison Anthony","2018-09-21 03:48:08",,,,,,,,,,,,,,,,,,,"opted in"
timscrace@hotmail.com,"Tim Scrace","2022-10-07 03:33:19",,,,,,,,,,,,,,,,,,,"opted in"
milcapm@gmail.com,"Milca Tzimas","2019-03-08 09:42:30",,,,,,,,,,,,,,,,,,,"opted in"
pk.jean67@gmail.com,"Patrick JEAN","2018-06-29 21:12:49",,,,,,,,,,,,,,,,,,,"opted in"
amycurran97@outlook.com,"Amy Curran","2020-10-21 12:41:37",,,,,,,,,,,,,,,,,,,"opted in"
magutar@gmail.com,"María Gutierrez","2018-03-26 21:48:15",,,,,,,,,,,,,,,,,,,"opted in"
valeriaivethf@gmail.com,"Valeria  Fernandez","2020-03-25 18:46:38",,,,,,,,,,,,,,,,,,,"opted in"
igor.ary.juacaba@gmail.com,"IGOR JUACABA","2022-10-02 20:31:37",,,,,,,,,,,,,,,,,,,"opted in"
sophia.j.lacey@gmail.com,"Sophia Lacey","2020-08-03 05:59:00",,,,,,,,,,,,,,,,,,,"opted in"
geovannamoramolina@gmail.com,"Geovanna Molina.","2019-10-17 21:09:09",,,,,,,,,,,,,,,,,,,"opted in"
mariaquinn75@hotmail.com,"MARIA BASS","2020-03-10 05:57:11",,,,,,,,,,,,,,,,,,,"opted in"
rog928@gmail.com,"Roger Gough","2022-09-30 15:17:20",,,,,,,,,,,,,,,,,,,"opted in"
sea-jane@hotmail.com,"Amanda Shute","2019-03-30 00:16:59",,,,,,,,,,,,,,,,,,,"opted in"
lolalaenen19@outlook.com,"Elizabeth Laenen","2019-03-19 13:51:29",,,,,,,,,,,,,,,,,,,"opted in"
gordon.noble@uts.edu.au,"Gordon Noble","2022-09-01 05:19:48",,,,,,,,,,,,,,,,,,,"opted in"
arlenemangin@aol.com,"Arlene Mangin","2022-07-13 17:55:34",,,,,,,,,,,,,,,,,,,"opted in"
jumamati@yahoo.com,"JUMA MATI","2023-04-15 11:32:04",,,,,,,,,,,,,,,,,,,"opted in"
gemmasmith587@gmail.com,"Gemma Schrederis","2018-08-08 02:56:11",,,,,,,,,,,,,,,,,,,"opted in"
acquisition@cscp.org,"Lena Mai Lietz","2023-11-15 09:50:26",,,,,,,,,,,,,,,,,,,"opted in"
tim@boucaut.com,"tim Boucaut","2018-07-10 23:22:12",,,,,,,,,,,,,,,,,,,"opted in"
tom.watkins@shoalgroup.com,"Tom Watkins","2020-01-07 23:56:10",,,,,,,,,,,,,,,,,,,"opted in"
natashamillwood@hotmail.com,"Natasha  Green","2020-12-24 06:22:00",,,,,,,,,,,,,,,,,,,"opted in"
j.fr.d.goncalves@gmail.com,"João Gonçalves","2022-09-24 15:42:53",,,,,,,,,,,,,,,,,,,"opted in"
okopnaim@mail.gvsu.edu,"Marina Okopnaia Vuksanovic","2019-01-21 01:33:57",,,,,,,,,,,,,,,,,,,"opted in"
baker.lee1982@gmail.com,"Lee Baker","2019-11-05 01:21:23",,,,,,,,,,,,,,,,,,,"opted in"
lezlodepucci@gmail.com,"Leo Pucci","2018-05-15 08:54:34",,,,,,,,,,,,,,,,,,,"opted in"
pdowdney@ronstan.com.au,"Peter Dowdney","2022-11-09 02:19:15",,,,,,,,,,,,,,,,,,,"opted in"
edwinabarrington@gmaio.com,"Edwina Barrington","2018-06-10 02:51:15",,,,,,,,,,,,,,,,,,,"opted in"
26jung_s@aswarsaw.org,"Sungwoo Jung","2021-12-09 13:42:20",,,,,,,,,,,,,,,,,,,"opted in"
lizwalkerartist@gmail.com,"Liz Walkerl","2023-06-27 02:16:18",,,,,,,,,,,,,,,,,,,"opted in"
tow0001@rochsec.vic.edu.au,"jordan town","2020-04-22 05:10:41",,,,,,,,,,,,,,,,,,,"opted in"
info@peninsulawaterbikes.com.au,"Peninsula Waterbikes","2022-01-08 06:11:28",,,,,,,,,,,,,,,,,,,"opted in"
bridgetlouise@outlook.com.au,"Bridget Hallion","2022-01-28 01:08:05",,,,,,,,,,,,,,,,,,,"opted in"
ebad@dayangas.com,"Mahrad Ebad","2021-09-17 18:34:52",,,,,,,,,,,,,,,,,,,"opted in"
kohara@marinelife.org,"Katie O'Hara","2020-07-03 17:21:19",,,,,,,,,,,,,,,,,,,"opted in"
afbock@gmail.com,"Andrew  Bock","2022-08-23 04:58:21",,,,,,,,,,,,,,,,,,,"opted in"
drew@surfrider.org.au,"Drew McPherson","2024-02-09 01:14:47",,,,,,,,,,,,,,,,,,,"opted in"
millerrex569@gmail.com,"Rex Miller","2019-11-28 05:36:45",,,,,,,,,,,,,,,,,,,"opted in"
joshua.arkey@gmail.com,"Josh Arkey","2020-10-06 09:23:31",,,,,,,,,,,,,,,,,,,"opted in"
kristyna.rodriguez@gmail.com,"Kristyna Powell","2019-12-06 02:03:08",,,,,,,,,,,,,,,,,,,"opted in"
evamariamay@gmail.com,"eva  may","2018-07-07 09:14:17",,,,,,,,,,,,,,,,,,,"opted in"
mikeking63@gmail.com,"Michael Aubrey King","2022-04-13 10:37:55",,,,,,,,,,,,,,,,,,,"opted in"
mltinfante@gmail.com,"Maria Teixeira","2022-01-23 18:52:12",,,,,,,,,,,,,,,,,,,"opted in"
cclar484@eq.edu.au,"Connor Clarke","2024-05-14 21:25:46",,,,,,,,,,,,,,,,,,,"opted in"
fernandaparreira23@gmail.com,"Fernanda Alves","2019-07-26 17:49:19",,,,,,,,,,,,,,,,,,,"opted in"
anthados.beam@sydstu.catholic.edu.au,"Anthados Beam","2018-08-28 04:54:37",,,,,,,,,,,,,,,,,,,"opted in"
cameljava@gmail.com,"Kevin  Lee","2022-02-19 11:04:18",,,,,,,,,,,,,,,,,,,"opted in"
jerseygirl312@comcast.net,"Cheryl Ferguson","2019-09-27 09:05:05",,,,,,,,,,,,,,,,,,,"opted in"
yellowwales@gmail.com,"Lynne Hall","2021-12-30 17:51:50",,,,,,,,,,,,,,,,,,,"opted in"
patty1234@juno.com,"Linda Booth","2019-07-14 19:46:35",,,,,,,,,,,,,,,,,,,"opted in"
amiya26ranjan@gmail.com,"Amiya  Ranjan","2019-11-05 08:51:46",,,,,,,,,,,,,,,,,,,"opted in"
strehl98@gmail.com,"Valerie Strehl","2022-04-07 21:36:42",,,,,,,,,,,,,,,,,,,"opted in"
jsaelectric@comcast.net,"Doug Robinson","2020-10-15 16:11:37",,,,,,,,,,,,,,,,,,,"opted in"
billwj1988@gmail.com,"Bill James","2019-10-05 16:58:53",,,,,,,,,,,,,,,,,,,"opted in"
barbara.biddle@yahoo.com,"Barbara Biddle","2021-03-17 11:33:09",,,,,,,,,,,,,,,,,,,"opted in"
jodyhartley55@gmail.com,"Jody Hartley","2020-03-22 14:17:36",,,,,,,,,,,,,,,,,,,"opted in"
blakerichter@yahoo.com.au,"Blake Richter","2021-12-19 07:22:16",,,,,,,,,,,,,,,,,,,"opted in"
racheldavis97@outlook.com,"Rachel Davis","2023-08-21 16:46:22",,,,,,,,,,,,,,,,,,,"opted in"
julietpwheaton@gmail.com,"Juliet Wheaton","2018-03-13 02:29:22",,,,,,,,,,,,,,,,,,,"opted in"
rah123@icloud.com,"Rick Huddleston","2020-09-05 20:32:11",,,,,,,,,,,,,,,,,,,"opted in"
vaibhavgupta.h@gmail.com,"Vaibhav Gupta","2021-11-04 22:48:14",,,,,,,,,,,,,,,,,,,"opted in"
altheareyeszalamea@icloud.com,"Thea  Reyes","2019-02-05 21:12:28",,,,,,,,,,,,,,,,,,,"opted in"
dmcfadyen@ispt.net.au,"David Mc Fadyen","2017-12-09 23:33:10",,95216210,"13 Heath St.",,Vic,,,,,,,,,,,,,,"opted in"
moates@peelmining.com.au,"Mick Oates","2021-03-17 21:20:21",,,,,,,,,,,,,,,,,,,"opted in"
amberalthorpe@gmail.com,"amber  althorpe","2021-03-25 06:21:52",,,,,,,,,,,,,,,,,,,"opted in"
hestersm@hotmail.com,"Hester Stuart","2018-08-20 22:32:31",,,,,,,,,,,,,,,,,,,"opted in"
arushimehta.am@gmail.com,"arushi mehta","2018-08-14 11:01:59",,,,,,,,,,,,,,,,,,,"opted in"
todd@mivision.com.au,"Todd Tai","2021-07-09 04:50:55",,,,,,,,,,,,,,,,,,,"opted in"
america999@hotmail.com,"Daniela Vasilev","2020-02-15 19:03:41",,,,,,,,,,,,,,,,,,,"opted in"
lilianselis@hotmail.com,"Lilian Rodrigues","2019-08-23 08:16:24",,,,,,,,,,,,,,,,,,,"opted in"
amek@yahoo.co.uk,"Lopin Gipom","2022-09-22 14:06:21",,,,,,,,,,,,,,,,,,,"opted in"
elena.balta@danone.com,"Elena Balta","2020-02-27 08:53:20",,,,,,,,,,,,,,,,,,,"opted in"
annabelle.peries@gmail.com,"annabelle Peries","2022-09-16 10:31:39",,,,,,,,,,,,,,,,,,,"opted in"
980067827@twinriversusd.org,"lily guevara","2020-02-24 21:40:48",,,,,,,,,,,,,,,,,,,"opted in"
kathrynminette@gmail.com,"kaye rodden","2022-08-14 00:43:13",,,,,,,,,,,,,,,,,,,"opted in"
asya_mindova@mail.bg,"Asya Gulenova","2020-12-06 10:49:44",,,,,,,,,,,,,,,,,,,"opted in"
rafaelruiz_96@hotmail.com,"rafael ruiz","2018-06-06 05:13:40",,,,,,,,,,,,,,,,,,,"opted in"
noobits@gmail.com,"Denise Regan","2019-10-05 00:50:11",,,,,,,,,,,,,,,,,,,"opted in"
shelleymariespon@gmail.com,"Shelley Sponberg","2018-04-01 08:12:34",,,,,,,,,,,,,,,,,,,"opted in"
calheiros.marcia33@gmail.com,"Marcia Aparecida","2019-12-14 10:22:48",,,,,,,,,,,,,,,,,,,"opted in"
amclean4@me.com,"Adam McLean","2022-01-24 05:08:52",,,,,,,,,,,,,,,,,,,"opted in"
hassan.m.nasser@hotmail.com,"Hassan nasser","2018-04-18 14:07:42",,,,,,,,,,,,,,,,,,,"opted in"
taniaewakelam@yahoo.com.au,"Tania Wakelam","2020-01-24 13:10:22",,,,,,,,,,,,,,,,,,,"opted in"
janroyal2000@hotmail.com,"jan royal","2019-05-22 03:05:10",,,,,,,,,,,,,,,,,,,"opted in"
g.renshaw@griffith.edu.au,"Gillian Renshaw","2022-10-02 23:37:21",,,,,,,,,,,,,,,,,,,"opted in"
praxlenava1623@mail.ru,"11ILL79JF4 www.ya.ru 11ILL79JF4 11ILL79JF4 www.ya.ru 11ILL79JF4","2023-09-29 03:59:23",,,,,,,,,,,,,,,,,,,"opted in"
marairvine@gmail.com,"Samara Irvine","2018-07-25 01:15:11",,,,,,,,,,,,,,,,,,,"opted in"
archangelmaniac@gmail.com,"Steven Sheedy","2022-10-05 05:59:37",,,,,,,,,,,,,,,,,,,"opted in"
abhilashsts@gmail.com,"ABHILASH CHANDRAN","2021-09-18 10:16:23",,,,,,,,,,,,,,,,,,,"opted in"
omkali78@gmail.com,"Carly Goldstone","2019-05-16 02:07:11",,,,,,,,,,,,,,,,,,,"opted in"
kpywang727@gmail.com,"Kay Wang","2021-11-10 07:06:22",,,,,,,,,,,,,,,,,,,"opted in"
sjdeed@bigpond.com,"Suzanne Deed","2018-05-11 05:01:41",,,,,,,,,,,,,,,,,,,"opted in"
dgdow@icloud.com,"Graham Dow","2021-05-02 10:16:11",,,,,,,,,,,,,,,,,,,"opted in"
janestrangward@gmail.com,"Jane Strangward","2024-02-17 03:40:28",,,,,,,,,,,,,,,,,,,"opted in"
hayley_kirby83@hotmail.com,"Hayley Kirby","2017-12-18 12:12:27",,,,,,,,,,,,,,,,,,,"opted in"
noah.simon@blackbaud.com,"Noah Simon","2018-03-08 01:43:37",,,,,,,,,,,,,,,,,,,"opted in"
1lani.watson@gmail.com,"Lani W","2018-07-10 02:55:34",,,,,,,,,,,,,,,,,,,"opted in"
kerry@kpdo.com,"Kerry Phelan","2020-01-24 09:10:12",,,,,,,,,,,,,,,,,,,"opted in"
stevenromig@hotmail.com,"Steve Romig","2021-09-22 08:19:39",,,,,,,,,,,,,,,,,,,"opted in"
rehat.kohli908@schools.sa.edu.au,"Rehat kohli","2023-04-07 01:47:49",,,,,,,,,,,,,,,,,,,"opted in"
danielpikler@gmail.com,"Danny Pikler","2018-09-22 22:24:20",,,,,,,,,,,,,,,,,,,"opted in"
binks1.md@gmail.com,"Margaret Davis","2019-11-12 16:42:39",,,,,,,,,,,,,,,,,,,"opted in"
chelsee54@hotmail.co.uk,"Chelsee  Benjamin","2019-11-10 23:23:04",,,,,,,,,,,,,,,,,,,"opted in"
positiveprogress500@gmail.com,"Sue Hirsch","2019-03-03 22:15:58",,,,,,,,,,,,,,,,,,,"opted in"
danjade@hotmail.com,"Danielle  Lynn","2019-11-24 04:03:04",,,,,,,,,,,,,,,,,,,"opted in"
ivanflorestours@gmail.com,"Ivan Fransis","2022-02-05 08:32:11",,,,,,,,,,,,,,,,,,,"opted in"
frischa@hotmail.com,"Anna Frischknecht","2024-04-29 02:20:50",,,,,,,,,,,,,,,,,,,"opted in"
sofirojasperalta@icloud.com,"Sofia Rojas","2019-09-30 23:53:07",,,,,,,,,,,,,,,,,,,"opted in"
lizhibbsqb@gmail.com,"Liz McColl","2020-06-26 22:35:41",,,,,,,,,,,,,,,,,,,"opted in"
zahirulkh@gmail.com,"Md.Zahirul Islam","2020-01-06 08:55:25",,,,,,,,,,,,,,,,,,,"opted in"
judvilma@yahoo.com,"Vilma Sukyte","2019-11-07 04:10:52",,,,,,,,,,,,,,,,,,,"opted in"
jing@ipack.ltd,"Jing Li","2024-11-02 07:29:20",,,,,,,,,,,,,,,,,,,"opted in"
deborahbirkl@gmail.com,"Deborah Birkl","2019-01-03 02:27:41",,,,,,,,,,,,,,,,,,,"opted in"
yersunhallsby@dom.edu,"Yasemin Ersun-Hallsby","2018-09-23 21:47:08",,,,,,,,,,,,,,,,,,,"opted in"
lisa@opencities.net.au,"Lisa McLean","2019-10-23 01:30:09",,,,,,,,,,,,,,,,,,,"opted in"
alexandre.marquillies@gmail.com,"Alexandre Marquillies","2019-11-18 22:40:24",,,,,,,,,,,,,,,,,,,"opted in"
info@michellerobins.com,"Michelle Robins","2019-10-02 02:04:06",,,,,,,,,,,,,,,,,,,"opted in"
luizascoisasbar@yahoo.com.br,"luiz silva","2019-12-13 00:09:35",,,,,,,,,,,,,,,,,,,"opted in"
faha300791@him-mail.ch,"hana faltejskova","2018-03-02 08:52:24",,,,,,,,,,,,,,,,,,,"opted in"
ariana.johnson520@gmail.com,"Ariana Johnson","2019-12-14 06:48:00",,,,,,,,,,,,,,,,,,,"opted in"
lihartke@roadrunner.com,"Lisa  Hartke","2019-12-12 16:46:12",,,,,,,,,,,,,,,,,,,"opted in"
leonard.aschreiber@gmail.com,"Leonard Schreiber","2019-02-13 21:39:03",,,,,,,,,,,,,,,,,,,"opted in"
sarahmargaretdavis@gmail.com,"Sarah Davis","2021-07-25 05:50:28",,,,,,,,,,,,,,,,,,,"opted in"
veluzcatherine@gmail.com,"Cath Veluz","2020-02-13 06:13:58",,,,,,,,,,,,,,,,,,,"opted in"
htluong82@gmail.com,"Ha Luong","2019-11-12 07:44:44",,,,,,,,,,,,,,,,,,,"opted in"
benwragg@live.co.uk,"Benjamin Wragg","2019-01-26 20:14:43",,,,,,,,,,,,,,,,,,,"opted in"
consciouscoach@hotmail.com,"Nala Taylor","2024-06-07 20:50:10",,,,,,,,,,,,,,,,,,,"opted in"
glennfreak@hotmail.com,"Glenn Firth","2024-01-15 05:14:51",,,,,,,,,,,,,,,,,,,"opted in"
salaezgi2@gmail.com,"ezgi sala","2018-02-19 17:58:59",,,,,,,,,,,,,,,,,,,"opted in"
bernat.albinyana@gmail.com,"Bernat Albinyana","2021-02-27 19:47:33",,,,,,,,,,,,,,,,,,,"opted in"
john@worldsurfaris.com,"John Finlay","2021-03-14 10:50:23",,,,,,,,,,,,,,,,,,,"opted in"
meika.tomney@sjspl.catholic.edu.au,"Meika Tomney","2020-03-05 00:36:46",,,,,,,,,,,,,,,,,,,"opted in"
geetargeowi@gmail.com,"George DelaGardelle","2019-10-07 12:52:37",,,,,,,,,,,,,,,,,,,"opted in"
morleymichael85@gmail.com,"Michael Morley","2020-04-19 05:47:24",,,,,,,,,,,,,,,,,,,"opted in"
erin.cini@wsaa.asn.au,"Erin Cini","2019-09-18 08:50:03",,,,,,,,,,,,,,,,,,,"opted in"
rohan@38southboatsales.com.au,"Rohan Veal","2019-01-21 06:53:52",,,,,,,,,,,,,,,,,,,"opted in"
envorj@gmail.com,"Envor January","2019-10-03 07:48:10",,,,,,,,,,,,,,,,,,,"opted in"
holer.s@stjon.school.nz,"Sebastian Nelson Holer","2021-06-17 23:41:14",,,,,,,,,,,,,,,,,,,"opted in"
anant.tandon222@gmail.com,"Anant Tandon","2019-07-19 17:09:53",,,,,,,,,,,,,,,,,,,"opted in"
chrisso251@att.net,"Christine Bender","2019-01-31 19:17:21",,,,,,,,,,,,,,,,,,,"opted in"
ve.alves7@gmail.com,"Veronica  Alves Serafim","2018-04-23 13:19:25",,,,,,,,,,,,,,,,,,,"opted in"
bmurphy3@cinci.rr.com,"Michael Murphy","2020-01-26 17:34:11",,,,,,,,,,,,,,,,,,,"opted in"
chelseainnes5@gmail.com,"Chelsea Innes","2019-08-04 09:29:21",,,,,,,,,,,,,,,,,,,"opted in"
happyjack1961@gmail.com,"JOHN WEST","2019-12-12 09:56:08",,,,,,,,,,,,,,,,,,,"opted in"
titan02mlw@gmail.com,"Michael Williams","2023-08-01 17:32:08",,,,,,,,,,,,,,,,,,,"opted in"
ldasilva303@gmail.com,"Lavina Da Silva","2020-09-08 20:43:51",,,,,,,,,,,,,,,,,,,"opted in"
mohdsharaf99@gmail.com,"mohamed sharafeldin","2023-07-11 14:04:20",,,,,,,,,,,,,,,,,,,"opted in"
friendsofthebarwon@gmail.com,"Liz Hamilton","2022-09-02 06:49:25",,,,,,,,,,,,,,,,,,,"opted in"
rou2rou@hotmail.com,"Rou Rou","2022-05-10 20:00:54",,,,,,,,,,,,,,,,,,,"opted in"
sharyn747@gmail.com,"Sharyn  Randall","2023-04-24 01:48:54",,,,,,,,,,,,,,,,,,,"opted in"
saverne@y7mail.com,"Pascal Rohan","2019-08-13 00:39:40",,,,,,,,,,,,,,,,,,,"opted in"
kristinavalencia75@gmail.com,"Kristina Valencia","2021-09-03 19:50:02",,,,,,,,,,,,,,,,,,,"opted in"
sachikolove33@gmail.com,"Sachiko Hosokawa","2024-07-09 21:59:55",,,,,,,,,,,,,,,,,,,"opted in"
lauraheather113@gmail.com,"Laura Williams","2020-09-26 05:03:09",,,,,,,,,,,,,,,,,,,"opted in"
harald@ramfjordtechnology.no,"Harald Ramfjord","2021-11-03 09:54:28",,,,,,,,,,,,,,,,,,,"opted in"
dreams@lifewild.com.au,"Ashleigh Camm","2018-09-17 09:32:22",,,,,,,,,,,,,,,,,,,"opted in"
laurajean7373@gmail.com,"laura  smith","2019-02-07 03:38:48",,,,,,,,,,,,,,,,,,,"opted in"
janemargarettucker@gmail.com,"Jane Tucker","2020-03-03 00:32:35",,,,,,,,,,,,,,,,,,,"opted in"
andreaselijah@gmail.com,"Andreas Rohner","2018-06-28 12:05:33",,,,,,,,,,,,,,,,,,,"opted in"
montoya.monica@gmail.com,"Monika Montoya","2020-01-20 02:36:35",,,,,,,,,,,,,,,,,,,"opted in"
claudioapmartins89@gmail.com,"Cláudio  Martins","2019-01-03 02:34:19",,,,,,,,,,,,,,,,,,,"opted in"
kgojnich@gmail.com,"Karyn Gojnich","2021-08-03 04:01:58",,,,,,,,,,,,,,,,,,,"opted in"
femarin@hotmail.com,"Fernando Marin","2019-06-01 10:33:10",,,,,,,,,,,,,,,,,,,"opted in"
emma.scott756@gmail.com,"Emma Scott","2020-01-07 04:01:05",,,,,,,,,,,,,,,,,,,"opted in"
bbullen27@gmail.com,"Brigitte  Bullen","2018-04-28 05:43:19",,,,,,,,,,,,,,,,,,,"opted in"
lianneingle@gmail.com,"Li Ingle","2019-02-13 14:09:53",,,,,,,,,,,,,,,,,,,"opted in"
dehabermann@posteo.de,"Den Habermann","2021-05-17 17:55:52",,,,,,,,,,,,,,,,,,,"opted in"
williams_anna@cusdk8.org,"Anna Williams","2023-02-10 16:37:13",,,,,,,,,,,,,,,,,,,"opted in"
judithlpeppard@gmail.com,"Judith Peppard","2024-04-06 21:38:18",,,,,,,,,,,,,,,,,,,"opted in"
rochelle.bibby@gmail.com,"Rochelle Bibby","2018-06-09 02:15:53",,,,,,,,,,,,,,,,,,,"opted in"
clottu@bigpond.com,"dave  clottu","2019-10-09 08:14:20",,,,,,,,,,,,,,,,,,,"opted in"
carmelaleal@bol.com.brca,"Carmelina  Leal de Souza","2019-12-12 16:49:33",,,,,,,,,,,,,,,,,,,"opted in"
elenalighthouse@gmail.com,"Elena Balta","2020-02-26 22:53:21",,,,,,,,,,,,,,,,,,,"opted in"
docksarah@gmail.com,"Sarah  Dock","2018-04-11 01:32:42",,,,,,,,,,,,,,,,,,,"opted in"
sdhouston95@gmail.com,"Shannon Houston","2024-10-04 03:08:30",,,,,,,,,,,,,,,,,,,"opted in"
spooks38@gmail.com,"Adam Howard","2020-02-11 08:06:49",,,,,,,,,,,,,,,,,,,"opted in"
ajitkumar997391@gmail.com,"Ajit Kumar","2020-09-17 03:40:26",,,,,,,,,,,,,,,,,,,"opted in"
errot88@gmail.com,"Logan Errotabere","2019-10-13 00:23:11",,,,,,,,,,,,,,,,,,,"opted in"
seppelier@hotmail.com,"Ronny Janssens","2018-08-27 05:36:17",,,,,,,,,,,,,,,,,,,"opted in"
barbara.tiernan@bigpond.com,"Barbara  Tiernan","2021-03-16 05:53:14",,,,,,,,,,,,,,,,,,,"opted in"
brucefarr@hotmail.com,"Bruce Farr","2020-12-27 17:35:03",,,,,,,,,,,,,,,,,,,"opted in"
info@arcdesign-ltd.co.uk,"Bob Ridgway","2019-10-07 14:56:01",,,,,,,,,,,,,,,,,,,"opted in"
marcogarcia@pro-ocean.org,"Marco Garcia","2018-08-14 19:51:08",,,,,,,,,,,,,,,,,,,"opted in"
roboakeshott1@gmail.com,"rob oakeshott","2019-05-16 05:39:39",,,,,,,,,,,,,,,,,,,"opted in"
pauline.ross@sydney.edu.au,"Pauline Ross","2020-10-25 06:24:46",,,,,,,,,,,,,,,,,,,"opted in"
kekko.natale@icloud.com,"Francesco Natale","2019-05-18 00:29:17",,,,,,,,,,,,,,,,,,,"opted in"
polykl.nanagn@evaggelismos-hosp.gr,"Nikoletta Anagnostopoulou","2019-11-25 12:16:36",,,,,,,,,,,,,,,,,,,"opted in"
farrahnmm@gmail.com,"Farrah Naike Monzón More","2020-04-28 16:40:29",,,,,,,,,,,,,,,,,,,"opted in"
matt.fulwood@googlemail.com,"Matt Fulwood","2018-06-22 19:24:22",,,,,,,,,,,,,,,,,,,"opted in"
colleen.m.marlowe@accenture.com,"colleen marlowe","2021-01-29 15:21:00",,,,,,,,,,,,,,,,,,,"opted in"
giselle_pinto@hotmail.com,"G P","2022-07-20 06:04:36",,,,,,,,,,,,,,,,,,,"opted in"
eionfryar26@pearidgek12.com,"eion fryar","2022-05-04 14:34:41",,,,,,,,,,,,,,,,,,,"opted in"
natwheats83@gmail.com,"Natalie Wheatley","2020-02-10 00:59:59",,,,,,,,,,,,,,,,,,,"opted in"
liamwooly12@gmail.com,"Liam Wolters","2022-11-08 15:12:54",,,,,,,,,,,,,,,,,,,"opted in"
ompad.lyle24@gmail.com,"Lyle  Ompad","2020-09-21 03:41:18",,,,,,,,,,,,,,,,,,,"opted in"
aasif.hilmee@gmail.com,"Aasiff  Hilmee","2022-08-31 04:35:11",,,,,,,,,,,,,,,,,,,"opted in"
kathfree2@comcast.net,"Kathy Freeman","2020-10-07 01:16:31",,,,,,,,,,,,,,,,,,,"opted in"
glennkelley045@gmail.com,"GLENN  Kelley","2021-03-15 07:56:26",,,,,,,,,,,,,,,,,,,"opted in"
lfczydel@hotmail.com,"Lyn Czydel","2017-11-16 22:57:09",,,,,,,,,,,,,,,,,,,"opted in"
c.zuberrosatzin@gmail.com,"cornelia zuber-rosatzin","2023-11-11 08:19:12",,,,,,,,,,,,,,,,,,,"opted in"
myrna.machuca@gmail.com,"Myrna Machuca","2019-05-03 23:33:19",,,,,,,,,,,,,,,,,,,"opted in"
hyanotha@msn.com,"LINDA STARR","2021-06-06 02:02:37",,,,,,,,,,,,,,,,,,,"opted in"
spen.murrelle@gmail.com,"Spencer Murrelle","2019-04-01 19:05:32",,,,,,,,,,,,,,,,,,,"opted in"
tgm@internode.on.net,"Robin Sharp","2018-03-05 04:48:32",,,,,,,,,,,,,,,,,,,"opted in"
petermaxwellmoss@hotmail.com,"Peter Moss","2022-09-17 03:09:32",,,,,,,,,,,,,,,,,,,"opted in"
niksarak17@yahoo.gr,"Nikolaos  Sarakasidis","2019-10-09 12:26:06",,,,,,,,,,,,,,,,,,,"opted in"
scli238741@adams12.org,"serenity cline","2021-04-01 16:23:18",,,,,,,,,,,,,,,,,,,"opted in"
ursula.trujillo@delwp.vic.gov.au,"Ursula Trujillo","2023-01-31 00:23:16",,,,,,,,,,,,,,,,,,,"opted in"
elsaq@me.com,"Elsa Bagnulo","2020-02-08 15:50:48",,,,,,,,,,,,,,,,,,,"opted in"
s23-vzis949@w-usd.org,"Victoria Zisumbo","2020-04-18 00:52:41",,,,,,,,,,,,,,,,,,,"opted in"
simon.duma@esurioprojects.com.au,"Simon Duma","2019-02-21 05:02:37",,,,,,,,,,,,,,,,,,,"opted in"
fernio2002@gmail.com,"Fernanda  Ordorica","2019-04-27 17:59:02",,,,,,,,,,,,,,,,,,,"opted in"
harald@ramfjord-innovation.com,"harald ramfjord","2018-07-29 14:43:37",,,,,,,,,,,,,,,,,,,"opted in"
laurent@eccrt.com,"Laurent Seroen","2018-03-28 08:37:18",,,,,,,,,,,,,,,,,,,"opted in"
rocket172@yahoo.com,"Joe Schmoes","2022-04-07 13:13:18",,,,,,,,,,,,,,,,,,,"opted in"
mimamoo2007@icloud.com,"miah Armstrong","2019-09-07 09:01:34",,,,,,,,,,,,,,,,,,,"opted in"
alorent@spiderweb.com.au,"Amelia Lorentson","2024-02-18 03:44:32",,,,,,,,,,,,,,,,,,,"opted in"
titrustaedt@gmail.com,"Timm Trustaedt","2019-11-06 17:48:45",,,,,,,,,,,,,,,,,,,"opted in"
wadeelise@yahoo.com.au,"Elise Wade","2018-12-21 00:23:33",,,,,,,,,,,,,,,,,,,"opted in"
johng@cleanocean.org,"John Gemmill","2017-12-09 20:26:44",409425133,,,,,,,,,,,,,,,,,,"opted in"
flez@netspace.net.au,"Fraser Buchanan","2019-04-13 23:36:39",,,,,,,,,,,,,,,,,,,"opted in"
info@elifkoyuturk.com,"Elif Koyuturk","2020-01-08 22:26:54",,,,,,,,,,,,,,,,,,,"opted in"
jodie@powderlaundry.com.au,"jodie madden","2019-06-19 02:50:16",,,,,,,,,,,,,,,,,,,"opted in"
kellywindle@gmail.com,"Kelly Windle","2021-06-17 14:25:03",,,,,,,,,,,,,,,,,,,"opted in"
elianjuana@gmail.com,"Elian Adams","2018-06-25 18:21:08",,,,,,,,,,,,,,,,,,,"opted in"
taylor_powlowski98@webmai.co,"Raymundo Eichmann","2024-06-19 18:21:50",,,,,,,,,,,,,,,,,,,"opted in"
apgbooth@yahoo.com.au,"Tony Booth","2019-12-12 10:23:02",,,,,,,,,,,,,,,,,,,"opted in"
max.paget@hotmail.com.au,"Max Paget","2021-12-20 11:13:59",,,,,,,,,,,,,,,,,,,"opted in"
iamayesha@ymail.com,"Ayesha Rehman","2020-01-06 13:59:11",,,,,,,,,,,,,,,,,,,"opted in"
steve.akins@dronearrival.com,"Steve  Akins","2019-12-12 23:05:16",,,,,,,,,,,,,,,,,,,"opted in"
yamilemartinezo@hotmail.com,"Yamile  Martinez","2018-07-12 05:58:14",,,,,,,,,,,,,,,,,,,"opted in"
billylikesmen@gmail.com,"tomhas waeawea","2021-06-10 01:05:53",,,,,,,,,,,,,,,,,,,"opted in"
erin.mueller@hotmail.com,"Erin Mueller","2018-03-09 03:46:20",,,,,,,,,,,,,,,,,,,"opted in"
bmpickles@outlook.com,"Blanche Munnelly","2019-12-14 15:37:00",,,,,,,,,,,,,,,,,,,"opted in"
petem7669@hotmail.com,"Emma Draper","2018-05-01 12:57:56",,,,,,,,,,,,,,,,,,,"opted in"
melissazackon@gmail.com,"melissa Zackon","2020-09-29 13:45:13",,,,,,,,,,,,,,,,,,,"opted in"
ann.hem@me.com,"Ann Hem","2020-08-28 04:17:35",,,,,,,,,,,,,,,,,,,"opted in"
erick.palomo.p@gmail.com,"Erick Palomo","2018-01-26 18:19:32",,,,,,,,,,,,,,,,,,,"opted in"
alex1000smith2000@gmail.com,"Alex Smith","2024-01-06 07:59:02",,,,,,,,,,,,,,,,,,,"opted in"
trishanku.30.91@gmail.com,"Shashank Trivedi","2019-12-18 08:21:05",,,,,,,,,,,,,,,,,,,"opted in"
mireik624@gmail.com,"Mirei Shirakawa","2019-08-26 09:12:52",,,,,,,,,,,,,,,,,,,"opted in"
danifisher@outlook.com,"Dani Fisher","2019-01-31 04:45:25",,,,,,,,,,,,,,,,,,,"opted in"
barbara.kolenc.biser@gmail.com,"Barbara Kolenc","2019-05-19 13:57:54",,,,,,,,,,,,,,,,,,,"opted in"
michaelbrazil@hotmail.com,"Michael Kaziura","2020-01-11 00:39:51",,,,,,,,,,,,,,,,,,,"opted in"
cameron@designaustraliagroup.com.au,"Cameron Yarker","2022-01-18 04:28:54",,,,,,,,,,,,,,,,,,,"opted in"
connorsmollie25@yahoo.com,"Mollie Connors","2020-01-15 01:36:05",,,,,,,,,,,,,,,,,,,"opted in"
noacarba@gmail.com,"Noa Rodriguez","2019-04-04 13:57:27",,,,,,,,,,,,,,,,,,,"opted in"
peter.driscoll59@gmail.com,"Peter Driscoll","2018-08-01 08:55:11",,,,,,,,,,,,,,,,,,,"opted in"
aguesdon@live.com.au,"Alison Guesdon","2018-01-24 00:46:54",,,,,,,,,,,,,,,,,,,"opted in"
monique.ewald@hotmail.com,"Monique Ewald","2018-07-25 09:57:58",,,,,,,,,,,,,,,,,,,"opted in"
lynette_maria@travel-associates.com.au,"Lynette Day","2021-08-13 03:34:18",,,,,,,,,,,,,,,,,,,"opted in"
semoustafa@gmail.com,"Susan Moustafa","2022-10-03 17:03:51",,,,,,,,,,,,,,,,,,,"opted in"
chrism@obeachydesigns.com.au,"Chris Musilli","2021-08-05 03:21:18",,,,,,,,,,,,,,,,,,,"opted in"
celestialchoir@gmail.com,"CHARITY DELL","2019-01-30 13:14:59",,,,,,,,,,,,,,,,,,,"opted in"
bellario@live.com.au,"Monica Riordan","2020-08-15 01:06:06",,,,,,,,,,,,,,,,,,,"opted in"
emde53503@gmail.com,"Emma  DeHaan","2019-05-17 15:07:57",,,,,,,,,,,,,,,,,,,"opted in"
gag64@me.com,"George  Georgiadis","2021-03-15 19:45:12",,,,,,,,,,,,,,,,,,,"opted in"
mary.win@me.com,"Mary Winterton","2024-05-19 22:19:08",,,,,,,,,,,,,,,,,,,"opted in"
pacpix@optusnet.com.au,"Robert Gardiner","2019-04-11 08:48:30",,,,,,,,,,,,,,,,,,,"opted in"
marie-ceciel@home.nl,"Marie-ceciel Brinkhuis","2022-01-12 13:24:10",,,,,,,,,,,,,,,,,,,"opted in"
lbg06931@gmail.com,"Joe Mama","2020-05-25 10:05:13",,,,,,,,,,,,,,,,,,,"opted in"
tracyallen433@yahoo.com,"Tracy Allen","2022-07-23 14:15:20",,,,,,,,,,,,,,,,,,,"opted in"
skelleyheather@gmail.com,"Heather Skelley","2023-01-21 19:31:12",,,,,,,,,,,,,,,,,,,"opted in"
lorna@underwater.earth,"Lorna Parry","2018-07-22 20:49:06",,,,,,,,,,,,,,,,,,,"opted in"
tmj1@yvg.vic.edu.au,"Tyler Joy","2019-06-25 01:28:28",,,,,,,,,,,,,,,,,,,"opted in"
baznpoppy@yahoo.com.au,"Erica Louise","2021-10-21 09:38:10",,,,,,,,,,,,,,,,,,,"opted in"
fox.maureen@ymail.com,"Maureen Fox","2019-07-28 16:33:19",,,,,,,,,,,,,,,,,,,"opted in"
anzumuddin@gmail.com,"Anzum Uddin","2019-11-21 19:04:38",,,,,,,,,,,,,,,,,,,"opted in"
josh@bondibar.co,"Josh Fogarty","2019-09-26 07:25:08",,,,,,,,,,,,,,,,,,,"opted in"
jwidijchcsuh8heudhu@gmail.com,"chcken sandwich","2023-10-19 03:52:34",,,,,,,,,,,,,,,,,,,"opted in"
agnidhroganguly07@gmail.com,"AGNIDHRO GANGULY","2019-07-25 13:45:10",,,,,,,,,,,,,,,,,,,"opted in"
donshawiii@msn.com,"Donald Shaw","2019-12-12 10:19:13",,,,,,,,,,,,,,,,,,,"opted in"
kayla@ahipara.school.nz,"kayla twaddell","2020-09-23 23:41:19",,,,,,,,,,,,,,,,,,,"opted in"
jillking@internode.on.net,"Jillian King","2022-11-18 10:35:57",,,,,,,,,,,,,,,,,,,"opted in"
kelso112.barns@gmail.com,"Dick Barns","2020-07-01 00:51:22",,,,,,,,,,,,,,,,,,,"opted in"
cameron@assemblylabel.com,"cameron peters","2018-08-28 07:08:39",,,,,,,,,,,,,,,,,,,"opted in"
catherinetodd1957@yahoo.com,"Catherine  Todd","2021-01-02 03:30:04",,,,,,,,,,,,,,,,,,,"opted in"
mischa@markandmischa.com,"Mischa Warren","2019-12-18 00:44:23",,,,,,,,,,,,,,,,,,,"opted in"
rough99@live.com,"Robbie Diamond","2021-02-18 21:39:29",,,,,,,,,,,,,,,,,,,"opted in"
lilymarjorie@icloud.com,"Emily Loveless","2018-02-06 22:15:11",,,,,,,,,,,,,,,,,,,"opted in"
hannaah.turner@gmail.com,"Hannah Turner","2017-12-06 22:37:04",,,,,,,,,,,,,,,,,,,"opted in"
colleenens@shaw.ca,"Colleen Ens","2020-01-15 17:54:11",,,,,,,,,,,,,,,,,,,"opted in"
dianepatricia2720@gmail.com,"Diane Monteith","2020-01-13 07:55:16",,,,,,,,,,,,,,,,,,,"opted in"
hifze_mal@hotmail.com,"Hefzi  Malhis","2019-11-08 21:18:15",,,,,,,,,,,,,,,,,,,"opted in"
aneeshacapur@icloud.com,"Aneesha Capur","2023-07-30 19:53:36",,,,,,,,,,,,,,,,,,,"opted in"
johnmatlock@yahoo.com,"John Matlock","2018-03-12 00:52:03",,,,,,,,,,,,,,,,,,,"opted in"
bru2336@hotmail.fr,"bru Almighty","2018-03-31 09:43:42",,,,,,,,,,,,,,,,,,,"opted in"
veninga@dcsi.net.au,"Aileen Vening","2017-12-22 21:14:46",,,,,,,,,,,,,,,,,,,"opted in"
fortiter888@hotmail.com,"Leanne MacAllister","2023-05-09 11:04:06",,,,,,,,,,,,,,,,,,,"opted in"
franjapani8@gmail.com,"Michelle Bedford","2023-06-24 20:56:16",,,,,,,,,,,,,,,,,,,"opted in"
peter@scandinaviansale.se,"Peter Westberg","2019-10-29 09:56:58",,,,,,,,,,,,,,,,,,,"opted in"
thatwouldbealex@gmail.com,"Alex Boucher","2019-09-24 10:51:54",,,,,,,,,,,,,,,,,,,"opted in"
elissahunt1984@outlook.com,"elissa hunt","2022-01-22 05:11:27",,,,,,,,,,,,,,,,,,,"opted in"
summerisgood@hotmail.com,"Sofie Rodda","2020-12-13 01:51:46",,,,,,,,,,,,,,,,,,,"opted in"
ned.bellears@glc.vic.edu.au,"Ned Bellears","2019-10-24 02:02:37",,,,,,,,,,,,,,,,,,,"opted in"
kozzicamp@gmail.com.au,"Laurie Campbell","2021-04-08 00:59:15",,,,,,,,,,,,,,,,,,,"opted in"
hello@thetownsfolk.com.au,"Carly  Papandrea","2018-06-20 10:50:34",,,,,,,,,,,,,,,,,,,"opted in"
teknikingman@yahoo.com.au,"Nick Ingman","2022-05-14 12:20:40",,,,,,,,,,,,,,,,,,,"opted in"
jadanoah333@outlook.com,"Bing Gibson","2018-04-11 03:55:39",,,,,,,,,,,,,,,,,,,"opted in"
lianiealbutra@gmail.com,"Liannie Albutra","2019-12-11 22:07:28",,,,,,,,,,,,,,,,,,,"opted in"
nzcoke@hotmail.com,"Jonathon Douglas","2018-06-05 03:33:48",,,,,,,,,,,,,,,,,,,"opted in"
mohitbhojak7014@gmail.com,"Mohit Sharma","2023-06-12 09:32:02",,,,,,,,,,,,,,,,,,,"opted in"
sripatiii@hotmail.com,"Sally Rowe","2018-05-25 11:23:35",,,,,,,,,,,,,,,,,,,"opted in"
prashantanand000@gmail.com,"PRASHANT KUMAR","2020-10-18 16:17:38",,,,,,,,,,,,,,,,,,,"opted in"
aubry.mathieu@yahoo.fr,"Mathieu Aubry","2020-05-26 08:04:49",,,,,,,,,,,,,,,,,,,"opted in"
kota.loves.kaxes@gmail.com,"Dakota  Harris","2020-05-06 20:35:33",,,,,,,,,,,,,,,,,,,"opted in"
jestan29@gmail.com,"jean stanton","2019-07-07 00:02:09",,,,,,,,,,,,,,,,,,,"opted in"
faidaadelabu@yahoo.com,"Faidat  Adelabu","2018-04-26 13:54:22",,,,,,,,,,,,,,,,,,,"opted in"
jacquiagostinello@gmail.com,"Jacqui Agostinello","2024-07-16 10:59:57",,,,,,,,,,,,,,,,,,,"opted in"
kavimani_madhu@yahoo.com.my,"KAVIMANI  MADHU","2019-10-21 02:17:19",,,,,,,,,,,,,,,,,,,"opted in"
nilshennicke@web.de,"Nils Hennicke","2018-07-25 15:23:27",,,,,,,,,,,,,,,,,,,"opted in"
corinne.noel@mcdonaldbutler.com,"Corinne Noel","2018-08-02 10:11:26",,,,,,,,,,,,,,,,,,,"opted in"
ame.sempre@hotmail.com,"Moacir Jorge Oliveira","2019-12-12 23:44:45",,,,,,,,,,,,,,,,,,,"opted in"
christina.m.guirguis@gmail.com,"Christina Guirguis","2019-07-20 09:02:07",,,,,,,,,,,,,,,,,,,"opted in"
dindicsafia@gmail.com,"Safia Dindic","2019-05-12 11:10:24",,,,,,,,,,,,,,,,,,,"opted in"
messmate2@gmail.com,"Russell Jennings","2019-05-01 01:08:12",,,,,,,,,,,,,,,,,,,"opted in"
aprilprovost53@gmail.com,"April Provist","2019-03-10 01:39:56",,,,,,,,,,,,,,,,,,,"opted in"
john.cur2009@gmail.com,"John Curtis","2023-02-26 04:57:46",,,,,,,,,,,,,,,,,,,"opted in"
rigbycathi@gmail.com,"Cathi Rigby","2018-03-27 22:01:30",,,,,,,,,,,,,,,,,,,"opted in"
youensholden@gmail.com,"holden youens","2020-02-05 18:51:21",,,,,,,,,,,,,,,,,,,"opted in"
benitej@gmail.com,"Juan Carlos Benitez Aragon","2021-07-29 10:05:06",,,,,,,,,,,,,,,,,,,"opted in"
vreddy147@gmail.com,"Vinay Reddy","2019-05-26 05:38:37",,,,,,,,,,,,,,,,,,,"opted in"
darlsmflack@gmail.com,"Darlene Flack","2020-10-23 08:19:17",,,,,,,,,,,,,,,,,,,"opted in"
hmiyake_26@tokyowest.jp,"Haruto Miyake","2022-10-07 10:27:15",,,,,,,,,,,,,,,,,,,"opted in"
rchristopher@meirxrs.com,"Rosemarie Christopher","2023-01-06 17:42:20",,,,,,,,,,,,,,,,,,,"opted in"
geraldinelinga20@gmail.com,"GERALDINE LINGA","2020-12-22 04:51:51",,,,,,,,,,,,,,,,,,,"opted in"
melissagrace@bigpond.com,"Melissa Grace","2023-11-05 23:27:08",,,,,,,,,,,,,,,,,,,"opted in"
meganangelina@hotmail.com,"Megan Bolas","2024-03-27 01:24:19",,,,,,,,,,,,,,,,,,,"opted in"
david010102@hotmail.com,"David Huynh","2019-05-18 10:58:12",,,,,,,,,,,,,,,,,,,"opted in"
lilyliu@outlook.com,"LI LIU","2018-04-20 14:35:54",,,,,,,,,,,,,,,,,,,"opted in"
janet.lucas901@schools.sa.edu.au,"Janet Lucas","2024-05-12 05:26:12",,,,,,,,,,,,,,,,,,,"opted in"
mdavies@genuineh2.com.au,"Michael Davies","2023-03-02 23:23:01",,,,,,,,,,,,,,,,,,,"opted in"
inkie@lantic.net,"Engela van Dyk","2020-02-03 13:14:25",,,,,,,,,,,,,,,,,,,"opted in"
joannemav11@gmail.com,"Joanne M","2024-08-20 16:28:37",,,,,,,,,,,,,,,,,,,"opted in"
dangermart2007@gmail.com,"Marty Cook","2021-06-15 09:45:32",,,,,,,,,,,,,,,,,,,"opted in"
chock22@hotmail.com,"Paul  Watkins","2021-12-09 09:57:21",,,,,,,,,,,,,,,,,,,"opted in"
dsilver1929@outlook.com,"Dee Silver","2021-03-17 00:06:58",,,,,,,,,,,,,,,,,,,"opted in"
dfcaleca@gmail.com,"Daniel Caleca","2023-01-24 19:43:29",,,,,,,,,,,,,,,,,,,"opted in"
adamgilbertson@yahoo.com,"Adam Gilbertson","2019-12-11 13:47:27",,,,,,,,,,,,,,,,,,,"opted in"
cherylwotevr@yahoo.com.au,"Cheryl Armstrong","2018-06-10 02:32:29",,,,,,,,,,,,,,,,,,,"opted in"
shasfisher@gmail.com,"Shasta Fisher","2023-12-25 01:38:42",,,,,,,,,,,,,,,,,,,"opted in"
mathewparsons150@gmail.com,"Mathew Parsons","2018-03-13 23:49:15",,,,,,,,,,,,,,,,,,,"opted in"
kenradley@bigpond.com,"Kenneth Radley","2019-07-06 10:22:41",,,,,,,,,,,,,,,,,,,"opted in"
laulau5685@gmail.com,"Laura Elliot","2022-10-02 03:18:34",,,,,,,,,,,,,,,,,,,"opted in"
kduczmal@yahoo.com,"Kerrin Duczmal","2018-09-15 06:16:27",,,,,,,,,,,,,,,,,,,"opted in"
ruthjchan@gmail.com,"Ruth Chan","2018-09-22 21:00:59",,,,,,,,,,,,,,,,,,,"opted in"
nathan.peiper@ghd.com,"Nathan Peiper","2019-10-21 07:42:21",,,,,,,,,,,,,,,,,,,"opted in"
ericag@chemcorp.com.au,"Erica Galea","2020-11-02 00:27:47",,,,,,,,,,,,,,,,,,,"opted in"
petewr@bigpond.net.au,"Peter Rosentreter","2019-12-14 03:03:25",,,,,,,,,,,,,,,,,,,"opted in"
ahair01@s.tatachilla.sa.edu.au,"Adam Haire","2022-08-22 03:04:14",,,,,,,,,,,,,,,,,,,"opted in"
matbuild2@optusnet.com.au,"Matt  Adams","2020-02-01 23:35:36",,,,,,,,,,,,,,,,,,,"opted in"
sword00115@gmail.com,"Dmitriy Khomskov","2018-09-18 12:46:59",,,,,,,,,,,,,,,,,,,"opted in"
tworby@minderoo.org,"Tony Worby","2020-07-01 02:47:30",,,,,,,,,,,,,,,,,,,"opted in"
hello@oceaneers.co,"Kaspar  paur","2019-12-11 05:56:34",,,,,,,,,,,,,,,,,,,"opted in"
hannahlawson1@me.com,"Hannah Lawson","2019-06-17 23:05:33",,,,,,,,,,,,,,,,,,,"opted in"
taimorh@gmail.com,"Taimor Hazou","2018-06-26 06:23:33",,,,,,,,,,,,,,,,,,,"opted in"
aliandcaitlifestylebrand@gmail.com,"Alison Astone","2019-04-24 04:38:28",,,,,,,,,,,,,,,,,,,"opted in"
marion.truman1@gmail.com,"Marion Truman","2023-07-25 01:00:17",,,,,,,,,,,,,,,,,,,"opted in"
bitternsweet@westnet.com.au,"Wendy Moore","2020-06-25 06:04:18",,,,,,,,,,,,,,,,,,,"opted in"
douglas.bass@gmail.com,"Douglas Bass","2021-10-24 20:04:36",,,,,,,,,,,,,,,,,,,"opted in"
diksha.sadhwani@anz.com,"Diksha Sadhwani","2018-07-23 04:16:01",,,,,,,,,,,,,,,,,,,"opted in"
kambouridis.marianne@gmail.com,"Marianne Kambouridis","2019-02-21 02:24:25",,,,,,,,,,,,,,,,,,,"opted in"
jdenahy@gmail.com,"Joan Denahy","2024-09-06 03:06:05",,,,,,,,,,,,,,,,,,,"opted in"
zak.gibson11@gmail.com,"Zak Gibson","2020-08-31 05:21:40",,,,,,,,,,,,,,,,,,,"opted in"
leross@live.com.au,"peter mckenzie","2022-02-13 21:34:01",,,,,,,,,,,,,,,,,,,"opted in"
kati.brugnoli@gmail.com,"Kati Brugnoli","2021-03-06 09:33:15",,,,,,,,,,,,,,,,,,,"opted in"
krystel23@jephy-webmail.com,"Osborne Buckridge","2022-04-28 12:03:02",,,,,,,,,,,,,,,,,,,"opted in"
simblaser@gmail.com,"Simone Blaser","2023-08-23 01:22:33",,,,,,,,,,,,,,,,,,,"opted in"
luca.saponari@gmail.com,"Luca Saponari","2020-05-04 15:09:54",,,,,,,,,,,,,,,,,,,"opted in"
emleigh@live.com,"Emma Winterburn","2020-01-04 08:34:26",,,,,,,,,,,,,,,,,,,"opted in"
alisalingua@gmail.com,"Alisa Lingua","2020-08-02 02:23:15",,,,,,,,,,,,,,,,,,,"opted in"
orellana.piero91@gmail.com,"Piero Orellana","2018-04-03 13:15:39",,,,,,,,,,,,,,,,,,,"opted in"
mcchef01@gmail.com,"Fiona McCheyne","2019-09-17 03:31:04",,,,,,,,,,,,,,,,,,,"opted in"
bundybear.ph@gmail.cpm,"Phil Holliday","2019-12-23 09:04:38",,,,,,,,,,,,,,,,,,,"opted in"
scottmhook@gamil.com,"Scott Hook","2020-07-23 03:45:55",,,,,,,,,,,,,,,,,,,"opted in"
clouded.mya@gmail.com,"mya meggison","2019-10-07 20:59:33",,,,,,,,,,,,,,,,,,,"opted in"
cathiedlane@yahoo.com,"Cathie  Lane","2019-12-25 19:28:57",,,,,,,,,,,,,,,,,,,"opted in"
nathi.flueckiger@bluewin.ch,"Nathalie Flückiger","2021-03-19 20:35:16",,,,,,,,,,,,,,,,,,,"opted in"
stuartjoldham@hotmail.com,"Stuart Oldham","2020-06-30 00:28:29",,,,,,,,,,,,,,,,,,,"opted in"
peter.lamshed@gmail.com,"PETER LAMSHED","2023-01-21 07:55:41",,,,,,,,,,,,,,,,,,,"opted in"
kpiacent@optonline.net,"Kathy Piacentine","2020-01-14 17:58:45",,,,,,,,,,,,,,,,,,,"opted in"
nick@qskips.com.au,"Nick  Beirne","2019-03-15 06:09:27",,,,,,,,,,,,,,,,,,,"opted in"
pmullinsuk@hotmail.com,"Pamela Mullins","2019-10-09 11:30:00",,,,,,,,,,,,,,,,,,,"opted in"
adamferber@gmail.com,"Adam Ferber","2019-04-28 08:43:33",,,,,,,,,,,,,,,,,,,"opted in"
sigi@josidi.de,"Sigrid  Didié","2018-06-08 05:40:44",,,,,,,,,,,,,,,,,,,"opted in"
scott@gibbsmaddock.com,"Scott Maddock","2019-06-17 00:00:19",,,,,,,,,,,,,,,,,,,"opted in"
bonniepockley@gmail.com,"Bonnie Pockley","2023-04-29 07:05:27",,,,,,,,,,,,,,,,,,,"opted in"
mvp60@live.ca,"Martin  Vandenberg","2019-10-29 12:02:21",,,,,,,,,,,,,,,,,,,"opted in"
mandalas18@yahoo.com,"Angie Hancock","2019-06-10 06:31:39",,,,,,,,,,,,,,,,,,,"opted in"
jackcap14@gmail.com,"Jacqueline  Capriotti","2019-12-23 15:30:27",,,,,,,,,,,,,,,,,,,"opted in"
cdotlk@gmail.com,"community development organization(president)  R.Naseem","2022-03-06 06:04:21",,,,,,,,,,,,,,,,,,,"opted in"
depthfortnite7@gmail.com,"lm ao","2019-04-23 16:56:42",,,,,,,,,,,,,,,,,,,"opted in"
bradleypatullo@gmail.com,"Bradley Patullo","2024-06-21 07:40:11",,,,,,,,,,,,,,,,,,,"opted in"
mrea@steamships.com.pg,"Misika Rea","2019-01-15 05:09:29",,,,,,,,,,,,,,,,,,,"opted in"
jennysmp21@gmail.com,"Jennifer Shugg","2022-10-03 02:14:51",,,,,,,,,,,,,,,,,,,"opted in"
mariabeatriz.cd@gmail.com,"Maria Domingues","2019-11-12 21:46:37",,,,,,,,,,,,,,,,,,,"opted in"
erikgeddes@hotmail.com,"Erik Geddes","2023-10-19 20:21:12",,,,,,,,,,,,,,,,,,,"opted in"
meliagrace@gmail.com,"Melia Borg","2019-11-03 03:38:08",,,,,,,,,,,,,,,,,,,"opted in"
jill.hartley@northernbeaches.nsw.gov.au,"Jill Hartley","2021-07-22 05:29:08",,,,,,,,,,,,,,,,,,,"opted in"
evans.keetah.k@edumail.vic.gov.au,"Keetah Evans","2020-02-04 11:08:20",,,,,,,,,,,,,,,,,,,"opted in"
terrilynclardy2@gmail.com,"Terrilyn Clardy","2019-07-16 20:28:59",,,,,,,,,,,,,,,,,,,"opted in"
mapix.salas@gmail.com,"Maria Paula  Tarazona ","2018-03-08 12:47:36",,,,,,,,,,,,,,,,,,,"opted in"
lukapaloza@yahoo.com.au,"Luke Foster","2019-03-30 23:51:19",,,,,,,,,,,,,,,,,,,"opted in"
mayankg913@gmail.com,"Mayank Goyal","2019-11-18 09:07:46",,,,,,,,,,,,,,,,,,,"opted in"
emmelinekmclean@rvschools.ab.ca,"Emmeline McLean","2020-02-06 17:31:56",,,,,,,,,,,,,,,,,,,"opted in"
daanearthxxx@gmail.com,"Dadi Mufanga","2018-08-27 17:26:53",,,,,,,,,,,,,,,,,,,"opted in"
hankwyllie@outlook.com,"Hank Wyllie","2019-12-31 02:02:48",,,,,,,,,,,,,,,,,,,"opted in"
fbragg2025@seabrooksd.org,"Faith Bragg","2021-05-03 14:12:24",,,,,,,,,,,,,,,,,,,"opted in"
gedh@totaloutdoormedia.com.au,"Ged Hart","2021-01-28 00:58:15",,,,,,,,,,,,,,,,,,,"opted in"
fake@gmail.com,"boring stuff","2020-03-02 10:00:00",,,,,,,,,,,,,,,,,,,"opted in"
info@ize.com.au,"Andrew Kelly","2022-10-28 21:50:31",,,,,,,,,,,,,,,,,,,"opted in"
juliensimoneau@gmail.com,"Julien Simoneau","2018-08-07 23:36:49",,,,,,,,,,,,,,,,,,,"opted in"
emiborkov@gmail.com,"Emilia Borkowska","2020-04-22 09:19:54",,,,,,,,,,,,,,,,,,,"opted in"
sheree@shereemarris.com,"Sheree Marris","2024-08-06 06:28:48",,,,,,,,,,,,,,,,,,,"opted in"
shermrosenfeld@gmail.com,"Sherman Rosenfeld","2020-12-17 18:48:47",,,,,,,,,,,,,,,,,,,"opted in"
mokhova.diana@inbox.ru,"5KMBWR7X4A www.yandex.ru 5KMBWR7X4A www.yandex.ru","2020-03-02 14:12:45",,,,,,,,,,,,,,,,,,,"opted in"
janakhava@aol.com,"Jana Hava","2019-12-12 17:30:09",,,,,,,,,,,,,,,,,,,"opted in"
uwe.flade@yahoo.com,"Uwe Flade","2018-06-08 11:53:58",,,,,,,,,,,,,,,,,,,"opted in"
jamtin77@gmail.com,"Al  Jam","2022-03-23 12:00:18",,,,,,,,,,,,,,,,,,,"opted in"
cathy_lewis1978@yahoo.com.au,"Cathy lewis","2022-10-17 03:21:46",,,,,,,,,,,,,,,,,,,"opted in"
dennisdalsanto27@gmail.com,"Dennis DalSanto","2019-08-29 05:43:26",,,,,,,,,,,,,,,,,,,"opted in"
parkerdpm@starlinx.com,"Greg Parker","2023-03-22 21:20:38",,,,,,,,,,,,,,,,,,,"opted in"
givebobago52@gmail.com,"Robert Adams","2020-01-16 17:49:08",,,,,,,,,,,,,,,,,,,"opted in"
lylerussell54@gmail.com,"Lyle Russell","2024-07-16 06:24:29",,,,,,,,,,,,,,,,,,,"opted in"
woloszyna@yahoo.com.au,"Anna  Woloszyn","2018-04-01 06:26:48",,,,,,,,,,,,,,,,,,,"opted in"
amikaprasad@hotmail.com,"amika prasad","2018-08-07 01:09:58",,,,,,,,,,,,,,,,,,,"opted in"
charliscott3@hotmail.com,"Charli Scott","2019-07-20 08:49:30",,,,,,,,,,,,,,,,,,,"opted in"
nntt87@yahoo.com,"Tia Nguyen","2018-01-07 09:30:56",,,,,,,,,,,,,,,,,,,"opted in"
john@kindlehill.nsw.edu.au,"john daniel","2019-06-17 11:08:15",,,,,,,,,,,,,,,,,,,"opted in"
borocks14@gmail.com,"Ashley Webb","2019-06-25 18:27:53",,,,,,,,,,,,,,,,,,,"opted in"
stjlt@iig.com.au,"shaughan Terry","2022-09-17 05:35:23",,,,,,,,,,,,,,,,,,,"opted in"
whb1867@yahoo.com.au,"Helen Blakeley","2019-05-15 09:08:54",,,,,,,,,,,,,,,,,,,"opted in"
pearson_maggie@btinternet.com,"Maggie Pearson","2021-04-12 10:14:08",,,,,,,,,,,,,,,,,,,"opted in"
sreeharisheeja4@gmail.com,"Sreehari Vs","2019-11-18 14:39:14",,,,,,,,,,,,,,,,,,,"opted in"
luccabnoa@gmail.com,"Lucca Balk-Nodal","2021-01-18 12:14:20",,,,,,,,,,,,,,,,,,,"opted in"
ebini123@gmail.com,"emma bini","2020-07-11 07:56:01",,,,,,,,,,,,,,,,,,,"opted in"
m_negm1@yahoo.com,"magdi negm","2018-08-16 16:17:43",,,,,,,,,,,,,,,,,,,"opted in"
lallyhamman@gmail.com,"Caroline Hamman","2020-11-25 06:10:37",,,,,,,,,,,,,,,,,,,"opted in"
amysomes69@gmail.com,"Amy Somes","2018-02-20 23:05:58",,,,,,,,,,,,,,,,,,,"opted in"
pjdroga@gmail.com,"Patricia Droga","2019-11-16 03:43:06",,,,,,,,,,,,,,,,,,,"opted in"
richardhammondsdog@gmx.com,"Nick Mallory","2018-02-07 07:29:25",,,,,,,,,,,,,,,,,,,"opted in"
peta.fisher@transport.nsw.gov.au,"Peta Fisher","2018-03-12 01:48:15",,,,,,,,,,,,,,,,,,,"opted in"
mfaumaree@gmail.com,"Madinha Aumaree","2018-03-26 12:29:13",,,,,,,,,,,,,,,,,,,"opted in"
robarmstrong60@hotmail.com,"Rob Armstrong","2019-03-03 07:48:48",,,,,,,,,,,,,,,,,,,"opted in"
frank71@tpg.com.au,"Frank Jung","2017-12-09 23:33:09",,"9555 5969","4 Ozone Ave�",,VIC,,,,,,,,,,,,,,"opted in"
lmechler25@gmail.com,"Laurel Mechler","2019-02-02 14:04:00",,,,,,,,,,,,,,,,,,,"opted in"
anandagold@icloud.com,"Evan Mack","2019-10-02 10:57:09",,,,,,,,,,,,,,,,,,,"opted in"
klyons@internode.on.net,"kevin lyons","2022-10-02 01:39:34",,,,,,,,,,,,,,,,,,,"opted in"
kwest@simsburyschools.net,"Kim West","2022-11-22 15:01:04",,,,,,,,,,,,,,,,,,,"opted in"
lliams@live.com,"Lliam Shuttleworth","2023-06-15 09:26:13",,,,,,,,,,,,,,,,,,,"opted in"
francisco.escario@gmail.com,"Francisco Escario","2018-04-11 08:26:55",,,,,,,,,,,,,,,,,,,"opted in"
peterthe.jackson@yahoo.com,"Peter Jackson","2020-10-16 03:52:56",,,,,,,,,,,,,,,,,,,"opted in"
mariaemiliaburgos@gmail.com,"MarÍa Emilia Burgos","2018-01-23 20:06:38",,,,,,,,,,,,,,,,,,,"opted in"
jack@wheeler-web.com,"Jack Wheeler","2018-03-24 02:25:57",,,,,,,,,,,,,,,,,,,"opted in"
debra.mayrhofer@gmail.com,"Deb Mayrhofer","2022-05-11 00:04:05",,,,,,,,,,,,,,,,,,,"opted in"
maradanielamm@gmail.com,"Daniela Mejía","2019-01-30 23:39:39",,,,,,,,,,,,,,,,,,,"opted in"
rayne187@hotmail.com,"rayne  mckenzie","2020-06-24 00:37:30",,,,,,,,,,,,,,,,,,,"opted in"
kalbert@networkten.com.au,"kate Albert","2021-08-04 23:06:53",,,,,,,,,,,,,,,,,,,"opted in"
bailey1791@icloud.com,"Patty Gonez","2019-10-06 16:18:10",,,,,,,,,,,,,,,,,,,"opted in"
moshe.hagenes@banlamail.com,"Amina Wiegand","2021-12-01 00:05:44",,,,,,,,,,,,,,,,,,,"opted in"
jackglenn31@gmail.com,"Jack Glenn","2018-02-26 01:58:35",,,,,,,,,,,,,,,,,,,"opted in"
sv_luciasca28@svlocal.org,"Lucian Scalia","2021-01-14 16:14:02",,,,,,,,,,,,,,,,,,,"opted in"
avaniae27@gmail.com,"Thiruavani Arunachalam Elanthendral","2019-10-16 00:37:09",,,,,,,,,,,,,,,,,,,"opted in"
fatto-96@hotmail.it,"Marco Fattorini","2018-07-02 12:22:09",,,,,,,,,,,,,,,,,,,"opted in"
galbanese@nba.com,"Water Albanese","2022-10-03 13:50:31",,,,,,,,,,,,,,,,,,,"opted in"
tmerayias@gmail.com,"Tammy Merayias","2019-12-12 22:52:38",,,,,,,,,,,,,,,,,,,"opted in"
huchihhsin@hotmail.com,"Sunny Hu","2024-09-20 13:57:59",,,,,,,,,,,,,,,,,,,"opted in"
liza.coolahan@gmail.com,"Liz Coolahan","2021-10-19 20:16:28",,,,,,,,,,,,,,,,,,,"opted in"
angela_dunnett@yahoo.com.au,"Angela Dunnett","2023-02-16 05:11:34",,,,,,,,,,,,,,,,,,,"opted in"
kyla3020@stbc.vic.edu.au,"Kyla Ballinger","2018-06-05 11:36:14",,,,,,,,,,,,,,,,,,,"opted in"
valeria.told@gmail.com,"Valeria Told","2018-01-23 07:27:32",,,,,,,,,,,,,,,,,,,"opted in"
michellew@dcsi.net.au,"Michelle Ward","2018-08-22 07:16:52",,,,,,,,,,,,,,,,,,,"opted in"
tim.woolnough@rms.nsw.gov.au,"Tim Woolnough","2019-10-27 22:13:58",,,,,,,,,,,,,,,,,,,"opted in"
kottmeyer1@gmail.com,"Pat Kottmeyer","2022-08-14 18:09:54",,,,,,,,,,,,,,,,,,,"opted in"
falmouthfordy@hotmail.co.uk,"Alison  Ford","2019-10-13 12:06:00",,,,,,,,,,,,,,,,,,,"opted in"
s.dallas@murdoch.edu.au,"Stewart Dallas","2019-09-11 05:51:36",,,,,,,,,,,,,,,,,,,"opted in"
chloefloyd711@icloud.com,"Chloe Floyd","2022-08-04 21:38:42",,,,,,,,,,,,,,,,,,,"opted in"
lissashton@gmail.com,"Elissa Ashton-Smith","2018-06-22 09:38:40",,,,,,,,,,,,,,,,,,,"opted in"
rlaw62@aol.com,"RW LAW","2018-03-23 13:00:11",,,,,,,,,,,,,,,,,,,"opted in"
miss.gideon@yahoo.com,"Gideon Grafton","2019-12-14 17:39:37",,,,,,,,,,,,,,,,,,,"opted in"
justinhuffmankerr@gmail.com,"Justin Huffman-Kerr","2019-10-06 00:54:50",,,,,,,,,,,,,,,,,,,"opted in"
michelleb@tec.org.au,"Michelle Blewitt","2019-07-25 08:00:04",,,,,,,,,,,,,,,,,,,"opted in"
richdoyle1013@gmail.com,"R Doyle","2020-06-05 16:36:25",,,,,,,,,,,,,,,,,,,"opted in"
carlos.bueno@reefcatchments.com,"Carlos Bueno","2018-12-21 00:23:33",,,,,,,,,,,,,,,,,,,"opted in"
jogreenwood59@gmail.com,"Jo Greenwood","2019-10-06 11:36:09",,,,,,,,,,,,,,,,,,,"opted in"
mattawty1@gmail.com,"Matthew Awty","2021-06-13 14:37:02",,,,,,,,,,,,,,,,,,,"opted in"
l.tautua@gmail.com,"Lyle Taualai","2019-09-24 00:29:51",,,,,,,,,,,,,,,,,,,"opted in"
trish.dak@bigpond.com,"Trish  Martin","2021-07-04 01:15:59",,,,,,,,,,,,,,,,,,,"opted in"
rhys_jinks@hotmail.com,"Rhys Jinks","2018-01-13 22:46:42",,,,,,,,,,,,,,,,,,,"opted in"
clean@nfhooke.fastmail.fm,"Nigel Hooke","2020-10-18 03:39:00",,,,,,,,,,,,,,,,,,,"opted in"
clarew698@gmail.com,"Clare White","2019-04-16 17:11:35",,,,,,,,,,,,,,,,,,,"opted in"
fdanielle89@yahoo.com,"Danielle Ferreira","2020-06-29 02:48:11",,,,,,,,,,,,,,,,,,,"opted in"
jezhayles@adam.com.au,"Hayley Traeger","2018-03-09 21:15:41",,,,,,,,,,,,,,,,,,,"opted in"
rbgzrszvf@gmail.com,"f3rf efes","2020-01-16 16:09:58",,,,,,,,,,,,,,,,,,,"opted in"
cb@ab-marine.com,"Chris Bouzaid","2022-09-18 15:49:16",,,,,,,,,,,,,,,,,,,"opted in"
ms9tv@virginia.edu,"Merel Summerhill","2018-01-29 13:36:35",,,,,,,,,,,,,,,,,,,"opted in"
wal182@hotmail.com,"Tim Wallace","2018-02-13 13:02:01",,,,,,,,,,,,,,,,,,,"opted in"
susan@write-now.com.au,"Susan Prior","2023-02-22 22:10:37",,,,,,,,,,,,,,,,,,,"opted in"
ema-bv@hotmail.com,"Eloi Almeida","2018-01-19 14:51:20",,,,,,,,,,,,,,,,,,,"opted in"
rmascio@wildwoodnj.org,"Enrico Mascio","2022-05-26 15:00:21",,,,,,,,,,,,,,,,,,,"opted in"
cassiemokgethisi@gmail.com,"kesego mokgethisi","2020-07-08 10:52:56",,,,,,,,,,,,,,,,,,,"opted in"
allenchang@dapitem.com,"allen chang","2022-11-24 04:31:51",,,,,,,,,,,,,,,,,,,"opted in"
mishlee9496@gmail.com,"Michelle Morris","2019-12-28 03:47:26",,,,,,,,,,,,,,,,,,,"opted in"
racarolane@yahoo.com.au,"Ruth Carolane","2018-09-18 02:30:57",,,,,,,,,,,,,,,,,,,"opted in"
emilylaurahaines@gmail.com,"Emily haines","2020-05-21 23:16:57",,,,,,,,,,,,,,,,,,,"opted in"
hardimandennis@gmail.com,"Dennis Hardi","2019-04-12 16:38:57",,,,,,,,,,,,,,,,,,,"opted in"
raderrobert@yahoo.com,"Robert Rader","2019-06-20 00:35:37",,,,,,,,,,,,,,,,,,,"opted in"
rschilling1@optusnet.com.au,"Rod Schilling","2022-11-04 11:53:25",,,,,,,,,,,,,,,,,,,"opted in"
paulsobe@gmail.com,"Paul Perkins","2019-12-21 01:47:25",,,,,,,,,,,,,,,,,,,"opted in"
aaditya2a7@gmail.com,"Aaditya Singh","2021-01-18 12:25:22",,,,,,,,,,,,,,,,,,,"opted in"
natalie@nataliesing.com.au,"Natalie Boyce","2023-12-23 04:35:53",,,,,,,,,,,,,,,,,,,"opted in"
puddleduck117@gmail.com,"Tracey Swadling","2020-01-02 06:33:10",,,,,,,,,,,,,,,,,,,"opted in"
jandarmar@hotmail.com,"Janelle Hansen","2020-01-14 08:44:39",,,,,,,,,,,,,,,,,,,"opted in"
tee.gee2@yahoo.com.au,"Tony Gleeson","2021-10-12 22:23:49",,,,,,,,,,,,,,,,,,,"opted in"
sabine.hagan@gmail.com,"Sabine Hagan","2019-12-16 02:58:03",,,,,,,,,,,,,,,,,,,"opted in"
thedragonfly4me@aol.com,"Heather Nowaske","2019-12-14 18:58:49",,,,,,,,,,,,,,,,,,,"opted in"
verakukuk11@gmail.com,"Vera Kukuk","2020-02-27 00:40:36",,,,,,,,,,,,,,,,,,,"opted in"
elenore.lannigan@gmail.com,"Elenore Lannigan","2024-04-15 10:10:14",,,,,,,,,,,,,,,,,,,"opted in"
iris.turton@gmail.com,"Iris Turton","2020-06-03 05:46:49",,,,,,,,,,,,,,,,,,,"opted in"
debra.strong73@gmail.com,"Debra Strong","2023-08-07 02:09:06",,,,,,,,,,,,,,,,,,,"opted in"
sppenlingtongc@gmail.com,"Stephen Penlington","2018-01-16 12:33:16",,,,,,,,,,,,,,,,,,,"opted in"
mandy@luckylittlepenguins.com.au,Amanda,"2019-08-13 22:26:49",,,,,,,,,,,,,,,,,,,"opted in"
rahellelemma@hotmail.ca,"Rahelle Lemma","2018-07-25 17:57:01",,,,,,,,,,,,,,,,,,,"opted in"
moyomartins72@gmail.com,"Tibz Rugz","2022-06-12 02:22:01",,,,,,,,,,,,,,,,,,,"opted in"
jeanniepereira@gmail.com,"Eugenia Pereira","2019-12-09 22:23:59",,,,,,,,,,,,,,,,,,,"opted in"
margarida.ramos.1995@gmail.com,"Margarida Sousa Ramos","2020-07-30 10:40:08",,,,,,,,,,,,,,,,,,,"opted in"
tsa@eidesvik.no,"Terje Sagebakken","2018-09-10 08:42:07",,,,,,,,,,,,,,,,,,,"opted in"
tjmarola724@gmail.com,"Thomas  Marola","2021-08-20 20:22:38",,,,,,,,,,,,,,,,,,,"opted in"
bracerosr@ismanila.org,"sam buk","2020-03-23 23:45:05",,,,,,,,,,,,,,,,,,,"opted in"
kelpie@kelptraders.com,"Jon Day","2021-10-16 00:51:33",,,,,,,,,,,,,,,,,,,"opted in"
jaedynj@hotmail.com,"jaedyn  jensen","2018-03-27 14:25:29",,,,,,,,,,,,,,,,,,,"opted in"
sash05@bigpond.com,"Shertyl Mueller","2019-07-22 09:02:25",,,,,,,,,,,,,,,,,,,"opted in"
glogclean2018@gmail.com,"Samuel Nyuma","2023-02-14 00:56:50",,,,,,,,,,,,,,,,,,,"opted in"
lisa@uncommonfolk.com.au,"Lisa Remato","2023-04-18 02:07:14",,,,,,,,,,,,,,,,,,,"opted in"
juliette_roux@icloud.com,"Juliette  Roux","2018-04-02 23:10:35",,,,,,,,,,,,,,,,,,,"opted in"
merchant.scott@gmail.com,"Scott Merchant","2018-07-08 15:21:47",,,,,,,,,,,,,,,,,,,"opted in"
dmalda@hotmail.com,"Dave Malda","2022-04-17 12:29:04",,,,,,,,,,,,,,,,,,,"opted in"
m.t4315@yahoo.com,"Mark  Tratt","2019-08-28 10:18:53",,,,,,,,,,,,,,,,,,,"opted in"
mlaragon21@gmail.com,"Michael Aragon","2022-06-28 07:39:48",,,,,,,,,,,,,,,,,,,"opted in"
cassie.green@live.com.au,"Cassandra  Green","2022-07-12 01:31:52",,,,,,,,,,,,,,,,,,,"opted in"
mbismail86@gmail.com,"Mohamad Bakar Ismail","2019-01-14 08:34:21",,,,,,,,,,,,,,,,,,,"opted in"
mermaidlife6@gmail.com,"Tara Rune","2024-06-30 22:40:34",,,,,,,,,,,,,,,,,,,"opted in"
marynna.lindsey.kerce@gmail.com,"Marynna Kerce","2023-07-25 03:25:54",,,,,,,,,,,,,,,,,,,"opted in"
sophie.winfield@outlook.com.au,"Sophie Winfield","2019-02-13 00:29:58",,,,,,,,,,,,,,,,,,,"opted in"
jacquedalrymple@gmail.com,"Jacque Dalrymple","2018-01-11 01:13:39",,,,,,,,,,,,,,,,,,,"opted in"
eliza.gaylord@hotmail.com,"Eliza Emerich","2019-04-15 16:55:05",,,,,,,,,,,,,,,,,,,"opted in"
charl.lou85@googlemail.com,"Charlie Welling","2018-06-26 22:44:32",,,,,,,,,,,,,,,,,,,"opted in"
sbraun899@gmail.com,"Sue Braun","2021-12-05 02:11:45",,,,,,,,,,,,,,,,,,,"opted in"
dfieldsy58@gmail.com,"David Field","2020-01-21 21:00:35",,,,,,,,,,,,,,,,,,,"opted in"
trattcarpentry@gmail.com,"Mark Tratt","2017-12-16 13:43:24",,,,,,,,,,,,,,,,,,,"opted in"
kalina.mackowska@gmail.com,"Kalina Mackowska","2018-09-27 19:51:26",,,,,,,,,,,,,,,,,,,"opted in"
alexandrasamootin@hotmail.com,"Alexandra Samootin","2022-12-21 00:41:31",,,,,,,,,,,,,,,,,,,"opted in"
ckings004@gmail.com,"Chris Kings","2021-06-21 10:57:39",,,,,,,,,,,,,,,,,,,"opted in"
lopezaraneda.sebastian@gmail.com,"sebastian lopez","2019-01-17 13:57:55",,,,,,,,,,,,,,,,,,,"opted in"
callanelliott420@gmail.com,"Calllan Elliott","2021-08-04 08:59:30",,,,,,,,,,,,,,,,,,,"opted in"
marcomueller1993@web.de,"Marco Müller","2018-05-26 06:46:39",,,,,,,,,,,,,,,,,,,"opted in"
benjamin.l.reid@gmail.com,"Benjamin Reid","2018-03-25 10:24:52",,,,,,,,,,,,,,,,,,,"opted in"
mcclayton3105@gmail.com,"MARK CLAYTON","2019-10-20 08:58:09",,,,,,,,,,,,,,,,,,,"opted in"
info@kennedysmith.design,"Natalie Smith","2019-01-06 05:33:14",,,,,,,,,,,,,,,,,,,"opted in"
whitefin@ymail.com,"Emma White","2020-12-18 01:35:04",,,,,,,,,,,,,,,,,,,"opted in"
bapriwin@gmail.com,"Bernado Priwin","2019-10-16 09:42:26",,,,,,,,,,,,,,,,,,,"opted in"
aprilgersbach283@gmail.com,"April Gersbach","2022-11-15 01:04:03",,,,,,,,,,,,,,,,,,,"opted in"
viancaj143@yahoo.com,"Vianca Jewaskiewitz","2019-08-04 22:29:32",,,,,,,,,,,,,,,,,,,"opted in"
cora.lanigan3@gmail.com,"Cora Lanigan","2022-02-23 10:32:32",,,,,,,,,,,,,,,,,,,"opted in"
dennis.dal@optusnet.com.au,"dennis Dal Santo","2020-08-20 02:31:20",,,,,,,,,,,,,,,,,,,"opted in"
zmarinegroup@gmail.com,"Zia Mazumder","2018-01-30 14:41:35",,,,,,,,,,,,,,,,,,,"opted in"
ay2527518@gmail.com,"Anjali yadav","2019-08-30 14:38:40",,,,,,,,,,,,,,,,,,,"opted in"
kim.babbage1@bigpond.com,"Kim Babbage","2023-07-20 04:36:09",,,,,,,,,,,,,,,,,,,"opted in"
c_v_c@live.cl,"carlos vargas","2022-11-28 01:38:44",,,,,,,,,,,,,,,,,,,"opted in"
fabiodagr@gmail.com,"Fabio Canto","2019-02-02 02:18:34",,,,,,,,,,,,,,,,,,,"opted in"
eblogg@hotmail.co.uk,"Ed Blogg","2019-12-12 18:56:37",,,,,,,,,,,,,,,,,,,"opted in"
qamar.schuyler@csiro.au,"Qamar Schuyler","2018-04-06 03:28:58",,,,,,,,,,,,,,,,,,,"opted in"
krizia003@gmail.com,"Krizia Garrido Castro","2019-02-15 08:20:43",,,,,,,,,,,,,,,,,,,"opted in"
tatianafonseca.c@hotmail.com,"Wendy tatiana cepeda","2021-02-26 21:41:19",,,,,,,,,,,,,,,,,,,"opted in"
col.foster7@gmail.com,"Col Foster","2019-08-31 22:02:48",,,,,,,,,,,,,,,,,,,"opted in"
info@elizabethwoolcock.com.au,"Elizabeth Woolcock","2022-11-20 06:07:55",,,,,,,,,,,,,,,,,,,"opted in"
nloch@aer-bfc.com,"Nathalie LOCH","2020-05-07 07:36:57",,,,,,,,,,,,,,,,,,,"opted in"
chabelita_galvez@hotmail.com,"Isabel  Gálvez","2019-05-15 21:16:54",,,,,,,,,,,,,,,,,,,"opted in"
jasmine_watterson@hotmail.com,"Jasmine Watterson","2021-10-20 08:54:16",,,,,,,,,,,,,,,,,,,"opted in"
brendadreyer5@gmail.com,"Brenda Dreyer","2022-03-19 17:07:12",,,,,,,,,,,,,,,,,,,"opted in"
womcclendon@gmail.com,"William McClendon","2023-08-08 00:09:18",,,,,,,,,,,,,,,,,,,"opted in"
capt.weber@yahoo.com.sg,"Johannes Weber","2017-10-14 09:18:07",,,,,,,,,,,,,,,,,,,"opted in"
garry.hamilton@noosabiosphere.org.au,"Garry Hamilton","2024-02-07 05:10:38",,,,,,,,,,,,,,,,,,,"opted in"
renniesundram@gmail.com,"Rennie Sundram","2021-10-25 11:12:32",,,,,,,,,,,,,,,,,,,"opted in"
camila.mayert@theaccessuk.org,"Lela Mosciski","2024-09-18 06:46:53",,,,,,,,,,,,,,,,,,,"opted in"
adrian.d@sjferntreegully.catholic.eduau,"AJ doyle","2019-08-21 23:30:04",,,,,,,,,,,,,,,,,,,"opted in"
juliecburton1@gmail.com,"Julie  Burton","2019-08-06 20:20:15",,,,,,,,,,,,,,,,,,,"opted in"
jaksonmjturvey1@gmail.com,"Never gonna give you up Never gonna let you down and dessert you","2022-03-04 00:19:59",,,,,,,,,,,,,,,,,,,"opted in"
carneggan@gmail.com,"Bronwyn H","2021-06-15 00:08:42",,,,,,,,,,,,,,,,,,,"opted in"
tinghsuan.huang@gmail.com,"Ting Huang","2018-07-01 19:01:34",,,,,,,,,,,,,,,,,,,"opted in"
emersonhyne@gmail.com,"Emerson Hyne","2019-04-26 17:31:18",,,,,,,,,,,,,,,,,,,"opted in"
andrea.hagen@hotmail.com,"Andrea  Chalmers","2019-10-07 19:35:29",,,,,,,,,,,,,,,,,,,"opted in"
guardianlawyer81@gmail.com,"gee law","2018-07-25 13:37:46",,,,,,,,,,,,,,,,,,,"opted in"
maureengjs24@gmail.com,"Maureen Judge","2021-09-09 03:52:35",,,,,,,,,,,,,,,,,,,"opted in"
noahsullicon@gmail.com,"Noah Connell","2020-05-19 03:35:12",,,,,,,,,,,,,,,,,,,"opted in"
michellemunoz1413@gmail.com,"michelle munoz","2020-03-06 13:41:42",,,,,,,,,,,,,,,,,,,"opted in"
carmencrimson@yahoo.com.hk,"Carmen Chan","2021-04-08 11:12:00",,,,,,,,,,,,,,,,,,,"opted in"
htaylor269@btinternet.com,"Hanna Freail","2020-01-19 16:12:04",,,,,,,,,,,,,,,,,,,"opted in"
jacquieredfern@gmail.com,"Jacquie Redfern","2018-12-29 11:56:25",,,,,,,,,,,,,,,,,,,"opted in"
v108069@gmail.com,"Chun ming Chang","2019-11-18 04:12:58",,,,,,,,,,,,,,,,,,,"opted in"
mark@houseberg.com,"Hailey Houseberg","2022-01-09 20:03:58",,,,,,,,,,,,,,,,,,,"opted in"
ellie.morrow@delwp.vic.gov.au,"Ellie Morrow","2020-11-23 22:43:34",,,,,,,,,,,,,,,,,,,"opted in"
raisine01@dowstu.catholic.edu.au,"Eve Raisin","2019-10-10 00:34:10",,,,,,,,,,,,,,,,,,,"opted in"
guaraciararoma@gmail.com,"Guaraciara Roma","2018-01-09 04:38:08",,,,,,,,,,,,,,,,,,,"opted in"
edward.wilson@hotmail.co.uk,"Ed Wilson","2018-02-19 10:57:47",,,,,,,,,,,,,,,,,,,"opted in"
rpaule.aus@gmail.com,"Rob Paule","2018-08-31 23:28:40",,,,,,,,,,,,,,,,,,,"opted in"
pschenone@seawaykayakingtours.com.au,"patrizia schenone","2019-08-29 02:25:21",,,,,,,,,,,,,,,,,,,"opted in"
jarah_dennis@yahoo.com,"Jarah Dennis","2019-10-05 07:44:11",,,,,,,,,,,,,,,,,,,"opted in"
laurel.mackenzie@rmit.edu.au,"laurel mackenzie","2018-07-30 07:51:23",,,,,,,,,,,,,,,,,,,"opted in"
vivallanson@gmail.com,"Viv Allanson","2021-09-10 10:32:59",,,,,,,,,,,,,,,,,,,"opted in"
meganmillius@aol.com,"Megan  Millius","2019-12-18 03:15:14",,,,,,,,,,,,,,,,,,,"opted in"
andyregan1983@gmail.com,"Andy Regan","2019-12-29 05:56:09",,,,,,,,,,,,,,,,,,,"opted in"
lisajustice1@hotmail.com,"Lisa Justice","2020-03-04 17:13:39",,,,,,,,,,,,,,,,,,,"opted in"
monasteriodemendoza@gmail.com,"Blanca Mendoza","2018-03-02 05:59:49",,,,,,,,,,,,,,,,,,,"opted in"
elizabethspeed@gmail.com,"Elizabeth Speed","2020-10-26 10:14:38",,,,,,,,,,,,,,,,,,,"opted in"
2118080@saanichlearns.ca,"Kayleigh Henry-Wilson","2022-02-28 19:20:47",,,,,,,,,,,,,,,,,,,"opted in"
balan@royalphuketmarina.com,"Balan  R Aramagan","2024-02-02 10:18:12",,,,,,,,,,,,,,,,,,,"opted in"
craig@craigit.com,"craig It","2018-03-22 14:40:30",,,,,,,,,,,,,,,,,,,"opted in"
lucille@totaloutdoormedia.com.au,"Lucille Tregear","2022-09-07 06:10:37",,,,,,,,,,,,,,,,,,,"opted in"
kyanhooper03@gmail.com,"Kyan Hooper","2018-02-02 00:49:35",,,,,,,,,,,,,,,,,,,"opted in"
jsommer81@yahoo.com.au,"Julz Sommer","2019-03-30 03:10:17",,,,,,,,,,,,,,,,,,,"opted in"
libraryleslie@yahoo.com,"Leslie Davies","2020-02-25 18:34:39",,,,,,,,,,,,,,,,,,,"opted in"
alexandramanta@yahoo.com,"Alexandra Manta","2018-07-01 15:02:44",,,,,,,,,,,,,,,,,,,"opted in"
samantha.newall@diageo.com,"samantha newall","2018-04-23 15:35:36",,,,,,,,,,,,,,,,,,,"opted in"
jorose1210@gmail.com,"Jo Rose","2022-01-09 10:39:59",,,,,,,,,,,,,,,,,,,"opted in"
patrick@patrickscott.net,,"2022-05-22 15:17:54",,,,,,,,,,,,,,,,,,,"opted in"
yarrambat@gmail.com,Simeon,"2021-11-04 21:08:41",,,,,,,,,,,,,,,,,,,"opted in"
simonperry.sjp@gmail.com,"Simon Perry","2019-04-11 12:44:09",,,,,,,,,,,,,,,,,,,"opted in"
mdsummons@bigpond.com,"Martin Summons","2023-02-16 10:31:00",,,,,,,,,,,,,,,,,,,"opted in"
meramchandar@gmail.com,"Ramachandra Raja M","2019-07-19 17:53:41",,,,,,,,,,,,,,,,,,,"opted in"
brionydoney@gmail.com,"Briony Doney","2021-07-29 06:09:09",,,,,,,,,,,,,,,,,,,"opted in"
settele@help-ev.de,"karin settele","2019-10-28 08:02:53",,,,,,,,,,,,,,,,,,,"opted in"
mjthomas52@aol.com,"Margaret Thomas","2019-12-13 15:26:17",,,,,,,,,,,,,,,,,,,"opted in"
mljenn331@gmail.com,"Mar Lou Jennings","2021-11-29 01:39:11",,,,,,,,,,,,,,,,,,,"opted in"
rsm29888@bigpond.net.au,"Ruth Smith","2023-12-11 03:57:30",,,,,,,,,,,,,,,,,,,"opted in"
littledeb007@hotmail.com,"DEB Hopkins","2018-02-12 10:48:43",,,,,,,,,,,,,,,,,,,"opted in"
notmyplanet@outlook.com,"Lyall Moore","2019-12-02 07:09:19",,,,,,,,,,,,,,,,,,,"opted in"
imogen.dan1@gamil.com,"Imogen Dan","2019-06-15 03:17:37",,,,,,,,,,,,,,,,,,,"opted in"
morten@roislandco.no,"Morten Røisland","2019-05-31 06:09:57",,,,,,,,,,,,,,,,,,,"opted in"
maremerag@gmail.com,"Godknows Maremera","2024-05-31 19:33:43",,,,,,,,,,,,,,,,,,,"opted in"
kush.varia@picassofilm.com,"Kush Varia","2020-07-22 10:04:52",,,,,,,,,,,,,,,,,,,"opted in"
mayathariani@icloud.com,"Maya Thariani","2019-09-08 23:24:10",,,,,,,,,,,,,,,,,,,"opted in"
dreamcavestudio.au@gmail.com,"Emma Davidson","2023-07-30 03:20:08",,,,,,,,,,,,,,,,,,,"opted in"
dsconsult25@gmail.com,"Digs Smith","2020-06-15 04:07:51",,,,,,,,,,,,,,,,,,,"opted in"
dhildebrandt88@gmail.com,Dani,"2022-01-06 11:15:00",,,,,,,,,,,,,,,,,,,"opted in"
domingos.thiago@gmail.co,"Thiago Domingos","2020-01-16 02:30:27",,,,,,,,,,,,,,,,,,,"opted in"
nharris.home@yahoo.com.au,"Nicole Harris","2018-07-20 03:44:08",,,,,,,,,,,,,,,,,,,"opted in"
akhlaqenn@gmail.com,"aiman  isa","2019-12-01 14:34:59",,,,,,,,,,,,,,,,,,,"opted in"
lornawalters@bigpond.com,"Lorna Walters","2019-10-09 00:14:31",,,,,,,,,,,,,,,,,,,"opted in"
johns.sarah2@gmail.com,"Sarah Johns","2017-06-08 03:39:33",,"8711 3320","PO Box 2523",,VIC,,,,,,,,,,,,,,"opted in"
fleurjolley@hotmail.com,Fleur,"2019-06-01 03:50:17",,,,,,,,,,,,,,,,,,,"opted in"
joeykboo@gmail.com,"Joey Boothby","2020-02-03 03:33:31",,,,,,,,,,,,,,,,,,,"opted in"
brandon@maxcorp.com.au,"Brandon Wilson","2018-03-10 01:49:57",,,,,,,,,,,,,,,,,,,"opted in"
kbwow67@gmail.com,"Karen Brown","2019-12-19 22:38:36",,,,,,,,,,,,,,,,,,,"opted in"
thomas.simmerlein@mail.com,"Thomas  Simmerlein","2019-02-27 21:07:38",,,,,,,,,,,,,,,,,,,"opted in"
lilyhumphreys14@gmail.com,"Lily Humphreys","2020-05-28 00:46:39",,,,,,,,,,,,,,,,,,,"opted in"
fergusson.charlotte@gmail.com,"Charlotte fergusson","2019-06-02 00:30:52",,,,,,,,,,,,,,,,,,,"opted in"
diekemarick@gmail.com,"rick diekema","2018-04-02 15:50:22",,,,,,,,,,,,,,,,,,,"opted in"
peterflugge@iprimus.com.au,"Flugge Thomas","2017-12-09 23:33:08",,"(03) 9598 9835","8 Bronte Crt",,Vic,,,,,,,,,,,,,,"opted in"
koerntjesc@gmail.com,"Christie  Ozkara","2020-09-20 03:58:22",,,,,,,,,,,,,,,,,,,"opted in"
ellinassocrates@gmail.com,"Socrates  Ellinas","2018-06-29 08:28:30",,,,,,,,,,,,,,,,,,,"opted in"
merryn.leo@gmail.com,"Merryn Leo","2019-02-16 04:52:33",,,,,,,,,,,,,,,,,,,"opted in"
andid@bigpond.com,"Tia Mustey","2019-07-01 10:19:12",,,,,,,,,,,,,,,,,,,"opted in"
krw220246@gmail.com,"Kylie Williams","2021-09-17 01:51:48",,,,,,,,,,,,,,,,,,,"opted in"
lisa.mason@alexmann.com,"Lisa Mason","2018-03-16 10:17:16",,,,,,,,,,,,,,,,,,,"opted in"
christina_amrhein@hotmail.com,"christina amrhein","2019-08-21 15:30:18",,,,,,,,,,,,,,,,,,,"opted in"
ashleyc@sjc.vic.edu.au,"Ash Crook","2022-01-04 01:17:26",,,,,,,,,,,,,,,,,,,"opted in"
jjayne@eclcofnj.org,"janice jayne","2020-06-05 17:06:48",,,,,,,,,,,,,,,,,,,"opted in"
shanong@oceanbridgeshipping.com.au,"Shanon Gould","2021-12-20 02:43:24",,,,,,,,,,,,,,,,,,,"opted in"
gginagardiner@gmail.com,"Gina Gardner","2022-11-11 22:50:31",,,,,,,,,,,,,,,,,,,"opted in"
bill.groeneveld@gmail.com,"willem groeneveld","2018-01-24 21:58:05",,,,,,,,,,,,,,,,,,,"opted in"
c.hose@gmx.net,"Christian Hose","2018-09-08 17:43:10",,,,,,,,,,,,,,,,,,,"opted in"
idgaf34@outlook.com.au,"Philip  Stevenson","2022-08-01 22:15:36",,,,,,,,,,,,,,,,,,,"opted in"
stuart.gribble@icloud.com,"Stuart Gribble","2023-08-10 04:11:57",,,,,,,,,,,,,,,,,,,"opted in"
vicaveleyra@gmail.com,"Victoria Aveleyra","2019-03-09 03:57:23",,,,,,,,,,,,,,,,,,,"opted in"
emilyreeves@hotmail.com,"Emily Reeves","2021-05-17 02:18:11",,,,,,,,,,,,,,,,,,,"opted in"
sacredgreen8@gmail.com,"Kirsten Redmond","2024-02-04 23:46:01",,,,,,,,,,,,,,,,,,,"opted in"
324141@pesd92.org,"Mason Smith","2021-05-11 16:33:49",,,,,,,,,,,,,,,,,,,"opted in"
rahermelin@gmail.com,"Rick Hermelin","2019-12-19 00:48:40",,,,,,,,,,,,,,,,,,,"opted in"
