Full Name,First Name,Surname,Email,Phone,State,City,Newsletter,DOB,Is Media,Organistion,Postcode,Country,Address 2,Address 1
Paul Bishop,Paul,Bishop,emailbish@gmail.com,(043) 318-0493,Victoria,Tullamarine,checked,19/9/1970,,,,Australia,,35 Janus st
test,,user,testz@#delete.me,,,,,,,,1234,Australia,,
Elenore,,Lannigan,elannigan@cleanocean.onmicrosoft.com,,,,checked,,,,3232,Australia,,
,,,andrew@pid.com.au,,,,,,,Andrew Wilson,,Australia,,
,,,,,,,,,,,,Australia,,
,,,,,,,,,,,,Australia,,
,,,john.poon42@gmail.com,,,,,,,John Poon ,,Australia,,
Mary Keith - Client Services Associate for APS Foundation,Mary ,Keith - Re Pecan Fund,foundation@australianphilanthropicservices.com.au,,,,,,,APS Foundation - Pecan Fund,,Australia,,
,,,michael@moreheads.com.au,,,,,,,Michael,,Australia,,
Julian Shelbourne ,,,julian@shelbourne.email,,,,,,,,,Australia,,
,,,james.dunbar@deakin.edu.au,,,,,,,Professor James Dunbar,,Australia,,
,,,ljackson6@kpmg.com.au,,,,,,,Lauren Jackson,,Australia,,
,,,colleen.firstladies@gmail.com,,,,,,,,,Australia,,
,,,Darren.Romain@aurecongroup.com,,,,,,,Darren Romain,,Australia,,
,Vidusha ,Ganegoda,Vidusha Ganegoda <vganegoda@priorfoundation.org>,,,,,,,Prior Family Foundation ,,Australia,,
,,,,,,,,,,,,Australia,,
Justin Ryan,,,justin@theryanfamily.com.au,,,,,,,20 Beaches Foundation,,Australia,,
ADAM MCLEAN ,,,amclean4@me.com,,,,,,,,,Australia,,
Full Name,First Name,Last Name,Email,,,,,,,Organisation,,Australia,,
,Lisa ,Boyd,lisa@seasol.com.au,,,,,,,Seasol,,Australia,,
,,,keith@mpnews.com.au,,,,,,,Keith Platt,,Australia,,
,,,Jas Chambers,,,,,,,jas.chambers@oceandecadeaustralia.org,,Australia,,
Francis Napoles,,,francis.Napoles@teekay.com,,,,,,,Teekay,,Australia,,
,,,,,,,,,,,,Australia,,
"Managing Director & CEO, Circular Australia",,,lisa@circularaustralia.com.au,,,,,,,Lisa McLean,,Australia,,
,,,,,,,,,,,,Australia,,
,,,I.Wright@westernsydney.edu.au,,,,,,,,,Australia,,
,,,boydbwell@gmail.com,,,,,,,Dr Boyd Blackwell,,Australia,,
,,,andy.fischer@utas.edu.au,,,,,,,Andy Fischer,,Australia,,
,,,Sabina.Knight@jcu.edu.au,,,,,,,Emerita Professor Leigh Ackland,,Australia,,
Angus Smith,,,angussmith10@gmail.com,,,,,,,,,Australia,,
,,,,,,,,,,,,Australia,,
,,,,,,,,,,,,Australia,,
,,,qurratu@utas.edu.au,,,,,,,Ayu Qurratu A'yunin Rohmana,,Australia,,
"Founder and Head of Design and Development, Needessentials",,,ryan@needessentials.com,,,,,,,Ryan Scanlon,,Australia,,
,,,g.hyndes@ecu.edu.au,,,,,,,Prof Glenn Hyndes,,Australia,,
,Jon,Wilson,jon@balin.com.au,,,,,,,Balin,,Australia,,
Chris ,Chris ,McDonald,Chris@needessentials.com,,,,,,,Needsessentials ,,Australia,,
,,,,,,,,,,,,Australia,,
,David,Prior,Dprior@bladnoch.com,,,,,,,Prior Family Foundation ,,Australia,,
Carlo I,,,whereiscarlo@hotmail.com,,,,,,,,,Australia,,
,,,,,,,,,,8 Collins St Melbourne 300,,Australia,,
CEO Surfing Australia,,,chris@surfingaustralia.com,,,,,,,Chris Mater,,Australia,,
Lucille Tregear,Lucille,Tregear,lucille@totaloutdoormedia.com.au,,,,,,,Prior Family Foundation ,,Australia,,
Russell Jennings,,,,,,,,,,,,Australia,,
,,,info@soshire.org,,,,,,,,,Australia,,
David Trewern,David,Trewern,david@fliteboard.com,,,,,,,FliteBoard,,Australia,,
,,,laurenson.laurie@gmail.com,,,,,,,,,Australia,,
Jacqui Cozic,Jacqui,Cozic,jacqui.cozic@fliteboard.com,,,,,,,FliteBoard,,Australia,,
"Co-Director, The Living Circle 21",,,laura.brearley@tlc21.com.au,,,,,,,Dr Laura Brearley,,Australia,,
,,,profjadunbar@gmail.com,,,,,,,,,Australia,,
"President Royal Society Victoria, Science Communicator ",,,rob@robgell.com,,,,,,,Rob Gell AM   ,,Australia,,
,,,iblaw@bigpond.com,,,,,,,Ian Law ,,Australia,,
,,,kim.allen@intellipulse.com.au,,,,,,,,,Australia,,
,,,I.Wright@westernsydney.edu.au,,,,,,,Assoc Prof Ian Wright ,,Australia,,
Ben Buxton,Ben,Buxton,ben@totaloutdoormedia.com.au,,,,,,,Prior Family Foundation ,,Australia,,
,,,,,,,,,,,,Australia,,
,,,jono@supersolid.agency,,,,,,,,,Australia,,
,,,,,,,,,,,,Australia,,
,,,leigh.ackland@deakin.edu.au,,,,,,,Professor Sabina Knight AM,,Australia,,
Marianne Kambouridis ,,,,,,,,,,SWAMP,,Australia,,
,,,michael.ackland@gmail.com,,,,,,,Dr Michael Ackland PSM FAFPHM,,Australia,,
,,,,,,,,,,,,Australia,,
,,,Gordon.Noble@uts.edu.au,,,,,,,Gordon Noble,,Australia,,
,,,,,,,,,,,,Australia,,
"Director, Total Environment",,,jeff.angel@tec.org.au,,,,,,,Jeff Angel OAM,,Australia,,
Laura Brearly,,,laura.brearley@tlc21.com.au,,,,,,,"Co-Director, The Living Circle 21",,Australia,,
,,,laurenson.laurie@gmail.com,,,,,,,Assoc Prof Laurie Laurenson (ret.),,Australia,,
,,,gidja57@gmail.com,,,,,,,Gidja Walker OAM,,Australia,,
,,,boydbwell@gmail.com,,,,,,,,,Australia,,
Olympic 3 X  Gold Medallist,,,drewginn2@gmail.com,,,,,,,Drew Ginn OAM,,Australia,,
,,,david.fligelman@tyrgroup.com,,,,,,,,,Australia,,
,,,andrea.gaynor@uwa.edu.au,,,,,,,Professor Andrea Gaynor,,Australia,,
,,,daniel.ierodiaconou@deakin.edu.au,,,,,,,Associate Professor Daniel Ierodiaconou,,Australia,,
,,,Simon.Toze@outlook.com.au,,,,,,,Dr Simon Toze  ,,Australia,,
Simon mulvany,,,simonmulvany@gmail.com,,,,,,,,,Australia,,
,,,graeme.allinson@rmit.edu.au,,,,,,,Assoc Prof Graeme Allinson (ret.),,Australia,,
,,,,,,,,,,03 9664 8311   0401 043 007,,Australia,,
,,,,,,,,,,,,Australia,,
,,,stuart.khan@sydney.edu.au,,,,,,,Professor Stuart Khan ,,Australia,,
Amelia Lorenston,,,amelia.lorentson@noosa.qld.gov.au,,,,,,,Noosa Council,,Australia,,
,,,alex@supersolid.agency,,,,,,,,,Australia,,
Tim Boucalt,,,tim.boucaut@orcv.org.au,,,,,,,ORCV,,Australia,,
,,,john@infotechresearch.org,,,,,,,,,Australia,,
,,,,,,,,,,,,Australia,,
,,,,,,,,,,,,Australia,,
,,,,,,,,,,,,Australia,,
Ged Hart,Ged,Hart,gedh@totaloutdoormedia.com.au,,,,,,,TOM Media,,Australia,,
,,,,,,,,,,,,Australia,,
,,,,,,,,,,,,Australia,,
Emma Stewart,Emma,Stuart,emma@nutraorganics.com.au,,,,,,,nutraOrganics,,Australia,,
,,,kambouridismarianne@gmail.com,,,,,,,,,Australia,,
Geoff Green,Geoff,Green,geoff.green@grgmomentum.com.au,,,,,,,GRG Momentum ,,Australia,,
,,,,,,,,,,,,Australia,,
"Dr Kate Wylie, Executive Director",,,kate.wylie@dea.org.au,,,,,,,Doctors for the Environment Australia,,Australia,,
amber  althorpe,,,amberalthorpe@gmail.com,,,,,,,,,Australia,,
Kim West,,,kwest@simsburyschools.net,,,,,,,,,Australia,,
Lela Mosciski,,,camila.mayert@theaccessuk.org,,,,,,,,,Australia,,
George Eikens,,,gjeikens2@gmail.com,,,,,,,,,Australia,,
Brenda Dreyer,,,brendadreyer5@gmail.com,,,,,,,,,Australia,,
Victoria Aveleyra,,,vicaveleyra@gmail.com,,,,,,,,,Australia,,
JUMA MATI,,,jumamati@yahoo.com,,,,,,,,,Australia,,
Julz Sommer,,,jsommer81@yahoo.com.au,,,,,,,,,Australia,,
Ned Bellears,,,ned.bellears@glc.vic.edu.au,,,,,,,,,Australia,,
Tony Walmsley,,,stwalmsley5@gmail.com,,,,,,,,,Australia,,
Elif Koyuturk,,,info@elifkoyuturk.com,,,,,,,,,Australia,,
Digs Smith,,,dsconsult25@gmail.com,,,,,,,,,Australia,,
Justin Huffman-Kerr,,,justinhuffmankerr@gmail.com,,,,,,,,,Australia,,
Eloi Almeida,,,ema-bv@hotmail.com,,,,,,,,,Australia,,
Wendy tatiana cepeda,,,tatianafonseca.c@hotmail.com,,,,,,,,,Australia,,
Jing Li,,,jing@ipack.ltd,,,,,,,,,Australia,,
Drew Schilling,,,cheno_brown@hotmail.com,,,,,,,,,Australia,,
Thiruavani Arunachalam Elanthendral,,,avaniae27@gmail.com,,,,,,,,,Australia,,
stacie hutch,,,stacie@cnyfinancialgroup.com,,,,,,,,,Australia,,
Hassan nasser,,,hassan.m.nasser@hotmail.com,,,,,,,,,Australia,,
Marcus Glynn,,,marcusglynn72@gmail.com,,,,,,,,,Australia,,
Mandy Bee,,,mandybryan66@gmail.com,,,,,,,,,Australia,,
Veronica  Alves Serafim,,,ve.alves7@gmail.com,,,,,,,,,Australia,,
jaedyn  jensen,,,jaedynj@hotmail.com,,,,,,,,,Australia,,
andrew davis,,,yourmom@gmail.com,,,,,,,,,Australia,,
AGNIDHRO GANGULY,,,agnidhroganguly07@gmail.com,,,,,,,,,Australia,,
Corinne Noel,,,corinne.noel@mcdonaldbutler.com,,,,,,,,,Australia,,
Laura Elliot,,,laulau5685@gmail.com,,,,,,,,,Australia,,
Terje Sagebakken,,,tsa@eidesvik.no,,,,,,,,,Australia,,
Ian Semple,,,isemple@telus.net,,,,,,,,,Australia,,
Pasquale Bianco,,,pasqua.bianco@gmail.com,,,,,,,,,Australia,,
Nick Ingman,,,teknikingman@yahoo.com.au,,,,,,,,,Australia,,
eion fryar,,,eionfryar26@pearidgek12.com,,,,,,,,,Australia,,
trevor  meyer,,,trev77meyer@gmail.com,,,,,,,,,Australia,,
bru Almighty,,,bru2336@hotmail.fr,,,,,,,,,Australia,,
Chloe Floyd,,,chloefloyd711@icloud.com,,,,,,,,,Australia,,
Sungwoo Jung,,,26jung_s@aswarsaw.org,,,,,,,,,Australia,,
Suzanne Deed,,,sjdeed@bigpond.com,,,,,,,,,Australia,,
Leona   Comer,,,ljcomer@yahoo.com,,,,,,,,,Australia,,
RW LAW,,,rlaw62@aol.com,,,,,,,,,Australia,,
Darlene Flack,,,darlsmflack@gmail.com,,,,,,,,,Australia,,
Kyla Ballinger,,,kyla3020@stbc.vic.edu.au,,,,,,,,,Australia,,
Imogen Dan,,,imogen.dan1@gamil.com,,,,,,,,,Australia,,
Dick Barns,,,kelso112.barns@gmail.com,,,,,,,,,Australia,,
Ting Huang,,,tinghsuan.huang@gmail.com,,,,,,,,,Australia,,
Cheryl Armstrong,,,cherylwotevr@yahoo.com.au,,,,,,,,,Australia,,
f3rf efes,,,rbgzrszvf@gmail.com,,,,,,,,,Australia,,
Yamile  Martinez,,,yamilemartinezo@hotmail.com,,,,,,,,,Australia,,
G P,,,giselle_pinto@hotmail.com,,,,,,,,,Australia,,
Charlotte fergusson,,,fergusson.charlotte@gmail.com,,,,,,,,,Australia,,
sugar cube,,,sugarcube1400@hotmail.com,,,,,,,,,Australia,,
Dave  Vandas,,,vandasdave@yahoo.com,,,,,,,,,Australia,,
Mick Oates,,,moates@peelmining.com.au,,,,,,,,,Australia,,
Kevin  Lee,,,cameljava@gmail.com,,,,,,,,,Australia,,
Elizabeth Speed,,,elizabethspeed@gmail.com,,,,,,,,,Australia,,
Emma Scott,,,emma.scott756@gmail.com,,,,,,,,,Australia,,
Steven Sheedy,,,archangelmaniac@gmail.com,,,,,,,,,Australia,,
Sasi Kumar,,,sasitamizhan72@gmail.com,,,,,,,,,Australia,,
arushi mehta,,,arushimehta.am@gmail.com,,,,,,,,,Australia,,
Robert Adams,,,givebobago52@gmail.com,,,,,,,,,Australia,,
Amina Wiegand,,,moshe.hagenes@banlamail.com,,,,,,,,,Australia,,
colleen marlowe,,,colleen.m.marlowe@accenture.com,,,,,,,,,Australia,,
Angie Hancock,,,mandalas18@yahoo.com,,,,,,,,,Australia,,
Dennis Hardi,,,hardimandennis@gmail.com,,,,,,,,,Australia,,
Margaret Davis,,,binks1.md@gmail.com,,,,,,,,,Australia,,
George DelaGardelle,,,geetargeowi@gmail.com,,,,,,,,,Australia,,
Danielle W,,,beautifulbeachlifeliving@gmail.com,,,,,,,,,Australia,,
Guaraciara Roma,,,guaraciararoma@gmail.com,,,,,,,,,Australia,,
Trish  Martin,,,trish.dak@bigpond.com,,,,,,,,,Australia,,
Tim Scrace,,,timscrace@hotmail.com,,,,,,,,,Australia,,
Peter Driscoll,,,peter.driscoll59@gmail.com,,,,,,,,,Australia,,
Natalie Smith,,,natkennedysmith@gmail.com,,,,,,,,,Australia,,
Rick Huddleston,,,rah123@icloud.com,,,,,,,,,Australia,,
Pat Kottmeyer,,,kottmeyer1@gmail.com,,,,,,,,,Australia,,
Natalie Boyce,,,natalie@nataliesing.com.au,,,,,,,,,Australia,,
Tony Worby,,,tworby@minderoo.org,,,,,,,,,Australia,,
Shaniya Batz,,,cleora11@bocah.team,,,,,,,,,Australia,,
Hollie Knowles,,,holzylk@hotmail.com,,,,,,,,,Australia,,
Brandon Wilson,,,brandon@maxcorp.com.au,,,,,,,,,Australia,,
Steve Romig,,,stevenromig@hotmail.com,,,,,,,,,Australia,,
Aaditya Singh,,,aaditya2a7@gmail.com,,,,,,,,,Australia,,
Chris Kings,,,ckings004@gmail.com,,,,,,,,,Australia,,
Benjamin Reid,,,benjamin.l.reid@gmail.com,,,,,,,,,Australia,,
Marnix van de Vijver,,,marnix@imaginationlab.nl,,,,,,,,,Australia,,
Diego Salcedo,,,dsalcedo@altogethergroup.com.au,,,,,,,,,Australia,,
Rohan Veal,,,rohan@38southboatsales.com.au,,,,,,,,,Australia,,
Marty Cook,,,dangermart2007@gmail.com,,,,,,,,,Australia,,
miah Armstrong,,,mimamoo2007@icloud.com,,,,,,,,,Australia,,
Liam Wolters,,,liamwooly12@gmail.com,,,,,,,,,Australia,,
Rosemarie Christopher,,,rchristopher@meirxrs.com,,,,,,,,,Australia,,
,,,lachjant@gmail.com,,,,,,,,,Australia,,
gee law,,,guardianlawyer81@gmail.com,,,,,,,,,Australia,,
Karen Robertson,,,karen60robertson@gmail.com,,,,,,,,,Australia,,
Mark Loader,,,cleanamarina@optusnet.com.au,,,,,,,,,Australia,,
Paul Chaney,,,paul@sbtree.com,,,,,,,,,Australia,,
RENEE GARCIA,,,info@flushedeco.com.au,,,,,,,,,Australia,,
William Oberg,,,w_oberg@yahoo.com,,,,,,,,,Australia,,
Dale Stohr,,,ddstohr@bigpond.com,,,,,,,,,Australia,,
Deborah Birkl,,,deborahbirkl@gmail.com,,,,,,,,,Australia,,
Jane Tucker,,,janemargarettucker@gmail.com,,,,,,,,,Australia,,
Janet Lucas,,,janet.lucas901@schools.sa.edu.au,,,,,,,,,Australia,,
Peter Westberg,,,peter@scandinaviansale.se,,,,,,,,,Australia,,
Marynna Kerce,,,marynna.lindsey.kerce@gmail.com,,,,,,,,,Australia,,
fake gmail,,,fakegmail@gmail.com,,,,,,,,,Australia,,
Thomas  Marola,,,tjmarola724@gmail.com,,,,,,,,,Australia,,
Socrates  Ellinas,,,ellinassocrates@gmail.com,,,,,,,,,Australia,,
Kaylah Di Placido,,,kaydipla@gmail.com,,,,,,,,,Australia,,
Rou Rou,,,rou2rou@hotmail.com,,,,,,,,,Australia,,
Viv Allanson,,,vivallanson@gmail.com,,,,,,,,,Australia,,
Adam Ferber,,,adamferber@gmail.com,,,,,,,,,Australia,,
Pauline Ross,,,pauline.ross@sydney.edu.au,,,,,,,,,Australia,,
Michelle Robins,,,info@michellerobins.com,,,,,,,,,Australia,,
Bernado Priwin,,,bapriwin@gmail.com,,,,,,,,,Australia,,
Maya Thariani,,,mayathariani@icloud.com,,,,,,,,,Australia,,
Michael Murphy,,,bmurphy3@cinci.rr.com,,,,,,,,,Australia,,
Sue  Murphy,,,agonis@aussiebb.com.au,,,,,,,,,Australia,,
Lynette McNamara,,,lynmnc1@gmail.com,,,,,,,,,Australia,,
Nicole Harris,,,nharris.home@yahoo.com.au,,,,,,,,,Australia,,
Irene Wright,,,irene.wright3@bigpond.com,,,,,,,,,Australia,,
Max Paget,,,max.paget@hotmail.com.au,,,,,,,,,Australia,,
Matthew Neill,,,matthew@greatoceanroadrealestate.com.au,,,,,,,,,Australia,,
Amiya  Ranjan,,,amiya26ranjan@gmail.com,,,,,,,,,Australia,,
Susana Palminha,,,spalminha@hotmail.com,,,,,,,,,Australia,,
LAURIE CHEOUX,,,laurie.cheoux@grupobimbo.com,,,,,,,,,Australia,,
Alex Boucher,,,thatwouldbealex@gmail.com,,,,,,,,,Australia,,
MARIA BASS,,,mariaquinn75@hotmail.com,,,,,,,,,Australia,,
Tom Watkins,,,tom.watkins@shoalgroup.com,,,,,,,,,Australia,,
cameron peters,,,cameron@assemblylabel.com,,,,,,,,,Australia,,
Tony Haines,,,tonyhaines3@gmail.com,,,,,,,,,Australia,,
Jennifer Brook,,,legacygirl808@gmail.com,,,,,,,,,Australia,,
karin settele,,,settele@help-ev.de,,,,,,,,,Australia,,
Lorna Parry,,,lorna@underwater.earth,,,,,,,,,Australia,,
Lucille Tregear,,,luce.tregear@gmail.com,,,,,,,,,Australia,,
,,,daniellepberg3@gmail.com,,,,,,,,,Australia,,
rob oakeshott,,,roboakeshott1@gmail.com,,,,,,,,,Australia,,
Lou Watts,,,louwhit@hotmail.com,,,,,,,,,Australia,,
jodie madden,,,jodie@powderlaundry.com.au,,,,,,,,,Australia,,
Hester Stuart,,,hestersm@hotmail.com,,,,,,,,,Australia,,
GLENN  Kelley,,,glennkelley045@gmail.com,,,,,,,,,Australia,,
Sofie Rodda,,,summerisgood@hotmail.com,,,,,,,,,Australia,,
Harry Thompson,,,harryt1952@yahoo.com,,,,,,,,,Australia,,
Sherman Rosenfeld,,,shermrosenfeld@gmail.com,,,,,,,,,Australia,,
douglas mccloskey,,,dmccloskey@piac.asn.au,,,,,,,,,Australia,,
Caroline Hamman,,,lallyhamman@gmail.com,,,,,,,,,Australia,,
xiao hu,,,hx-gy19@live.cn,,,,,,,,,Australia,,
Emma Bell,,,emmaavrilbell1@gmail.com,,,,,,,,,Australia,,
Karyn Gojnich,,,kgojnich@gmail.com,,,,,,,,,Australia,,
Anthados Beam,,,anthados.beam@sydstu.catholic.edu.au,,,,,,,,,Australia,,
Danielle Muller,,,dmuller@tmabluetech.org,,,,,,,,,Australia,,
Benjamin Wragg,,,benwragg@live.co.uk,,,,,,,,,Australia,,
Dyana Bouwmeester-Jones,,,dyanaebj182@gmail.com,,,,,,,,,Australia,,
John Curtis,,,john.cur2009@gmail.com,,,,,,,,,Australia,,
Janelle Hansen,,,jandarmar@hotmail.com,,,,,,,,,Australia,,
Mary Winterton,,,mary.win@me.com,,,,,,,,,Australia,,
Julie  Burton,,,juliecburton1@gmail.com,,,,,,,,,Australia,,
Gemma Schrederis,,,gemmasmith587@gmail.com,,,,,,,,,Australia,,
Heather Skelley,,,skelleyheather@gmail.com,,,,,,,,,Australia,,
claire maloney,,,claire@thebraveryishere.com,,,,,,,,,Australia,,
Gina Gardner,,,gginagardiner@gmail.com,,,,,,,,,Australia,,
Taimor Hazou,,,taimorh@gmail.com,,,,,,,,,Australia,,
Anna  Woloszyn,,,woloszyna@yahoo.com.au,,,,,,,,,Australia,,
Lily Haugh,,,lily.haugh@sydstu.catholic.edu.au,,,,,,,,,Australia,,
Lliam Shuttleworth,,,lliams@live.com,,,,,,,,,Australia,,
Sarah Johns,,,johns.sarah2@gmail.com,,,,,,,,,Australia,,PO Box 2523
Faith Bragg,,,fbragg2025@seabrooksd.org,,,,,,,,,Australia,,
Ed Parian,,,edriparian@gmail.com,,,,,,,,,Australia,,
Bradley Patullo,,,bradleypatullo@gmail.com,,,,,,,,,Australia,,
Peter Ebenwaldner,,,peter@awmawatercontrol.com.au,,,,,,,,,Australia,,
Li Ingle,,,lianneingle@gmail.com,,,,,,,,,Australia,,
Kaz Clarke,,,kazclarke1@bigpond.com,,,,,,,,,Australia,,
Jana Hava,,,janakhava@aol.com,,,,,,,,,Australia,,
Valeria  Fernandez,,,valeriaivethf@gmail.com,,,,,,,,,Australia,,
Julien Simoneau,,,juliensimoneau@gmail.com,,,,,,,,,Australia,,
Steve Band,,,sband@bigpond.net.au,,,,,,,,,Australia,,
María Gutierrez,,,magutar@gmail.com,,,,,,,,,Australia,,
Eugenia Pereira,,,jeanniepereira@gmail.com,,,,,,,,,Australia,,
Patty Gonez,,,bailey1791@icloud.com,,,,,,,,,Australia,,
eva  may,,,evamariamay@gmail.com,,,,,,,,,Australia,,
Stephen Penlington,,,sppenlingtongc@gmail.com,,,,,,,,,Australia,,
Bruce Malinowski,,,b.f.malinowski@gmail.com,,,,,,,,,Australia,,
Matt  Adams,,,matbuild2@optusnet.com.au,,,,,,,,,Australia,,
K Ritter,,,renonkylie@gmail.com,,,,,,,,,Australia,,
Envor January,,,envorj@gmail.com,,,,,,,,,Australia,,
Melissa Grace,,,melissagrace@bigpond.com,,,,,,,,,Australia,,
Ereddy Akhil Reddy,,,ereddyakhil123@gmail.com,,,,,,,,,Australia,,
peter mckenzie,,,leross@live.com.au,,,,,,,,,Australia,,
Dan Vairo,,,daniel.vairo@hotmail.com,,,,,,,,,Australia,,
martyn thomas,,,martynthomas5@gmail.com,,,,,,,,,Australia,,
Elena Balta,,,elena.balta@danone.com,,,,,,,,,Australia,,
Evan Mack,,,anandagold@icloud.com,,,,,,,,,Australia,,
April Provist,,,aprilprovost53@gmail.com,,,,,,,,,Australia,,
Kerry Phelan,,,kerry@kpdo.com,,,,,,,,,Australia,,
Christina Guirguis,,,christina.m.guirguis@gmail.com,,,,,,,,,Australia,,
samantha newall,,,samantha.newall@diageo.com,,,,,,,,,Australia,,
Gabriella  Ellis,,,gellis01@optusnet.com.au,,,,,,,,,Australia,,
Marion Truman,,,marion.truman1@gmail.com,,,,,,,,,Australia,,
Alisa Lingua,,,alisalingua@gmail.com,,,,,,,,,Australia,,
Susan Prior,,,susan@write-now.com.au,,,,,,,,,Australia,,
Philip  Stevenson,,,idgaf34@outlook.com.au,,,,,,,,,Australia,,
Zia Mazumder,,,zmarinegroup@gmail.com,,,,,,,,,Australia,,
Monika Montoya,,,montoya.monica@gmail.com,,,,,,,,,Australia,,
Nick  Beirne,,,nick@qskips.com.au,,,,,,,,,Australia,,
Joe Mama,,,lbg06931@gmail.com,,,,,,,,,Australia,,
Sheree Marris,,,sheree@shereemarris.com,,,,,,,,,Australia,,
Patricia Droga,,,pjdroga@gmail.com,,,,,,,,,Australia,,
David Murdoch,,,otway2@gmail.com,,,,,,,,,Australia,,
Kylie Williams,,,krw220246@gmail.com,,,,,,,,,Australia,,
Cameron Yarker,,,cameron@designaustraliagroup.com.au,,,,,,,,,Australia,,
Col Foster,,,col.foster7@gmail.com,,,,,,,,,Australia,,
Boza Celi,,,nicolasboza@gmail.com,,,,,,,,,Australia,,
Fraser Buchanan,,,flez@netspace.net.au,,,,,,,,,Australia,,
Linda Booth,,,patty1234@juno.com,,,,,,,,,Australia,,
Marcia Aparecida,,,calheiros.marcia33@gmail.com,,,,,,,,,Australia,,
Kellen Huang,,,kellenrhuang@gmail.com,,,,,,,,,Australia,,
Simone Blaser,,,simblaser@gmail.com,,,,,,,,,Australia,,
Spencer Murrelle,,,spen.murrelle@gmail.com,,,,,,,,,Australia,,
Liz Hamilton,,,friendsofthebarwon@gmail.com,,,,,,,,,Australia,,
David Morris,,,1davidmorris@gmail.com,,,,,,,,,Australia,,
Blanche Munnelly,,,bmpickles@outlook.com,,,,,,,,,Australia,,
Rod Schilling,,,rschilling1@optusnet.com.au,,,,,,,,,Australia,,
Zak Gibson,,,zak.gibson11@gmail.com,,,,,,,,,Australia,,
Maureen Judge,,,maureengjs24@gmail.com,,,,,,,,,Australia,,
Brian Mahoney,,,bmahoney01@gmail.com,,,,,,,,,Australia,,
Sarah-Jo Lobwein,,,s.lobwein@me.com,,,,,,,,,Australia,,
Water Albanese,,,galbanese@nba.com,,,,,,,,,Australia,,
Clare White,,,clarew698@gmail.com,,,,,,,,,Australia,,
Fiona Wilkie,,,fiona.wilkie.au@gmail.com,,,,,,,,,Australia,,
Sachiko Hosokawa,,,sachikolove33@gmail.com,,,,,,,,,Australia,,
Daniela Mejía,,,maradanielamm@gmail.com,,,,,,,,,Australia,,
Carly Goldstone,,,omkali78@gmail.com,,,,,,,,,Australia,,
Liannie Albutra,,,lianiealbutra@gmail.com,,,,,,,,,Australia,,
Amy Somes,,,amysomes69@gmail.com,,,,,,,,,Australia,,
Michael Morley,,,morleymichael85@gmail.com,,,,,,,,,Australia,,
Ellen Reid,,,ellen.patricia.reid@gmail.com,,,,,,,,,Australia,,
Shannon Houston,,,sdhouston95@gmail.com,,,,,,,,,Australia,,
Alexandre Marquillies,,,alexandre.marquillies@gmail.com,,,,,,,,,Australia,,
11ILL79JF4 www.ya.ru 11ILL79JF4 11ILL79JF4 www.ya.ru 11ILL79JF4,,,praxlenava1623@mail.ru,,,,,,,,,Australia,,
Sofia Rojas,,,sofirojasperalta@icloud.com,,,,,,,,,Australia,,
Rick Hermelin,,,rahermelin@gmail.com,,,,,,,,,Australia,,
Eve Raisin,,,raisine01@dowstu.catholic.edu.au,,,,,,,,,Australia,,
Md.Zahirul Islam,,,zahirulkh@gmail.com,,,,,,,,,Australia,,
cornelia zuber-rosatzin,,,c.zuberrosatzin@gmail.com,,,,,,,,,Australia,,
Dennis DalSanto,,,dennisdalsanto27@gmail.com,,,,,,,,,Australia,,
João Gonçalves,,,j.fr.d.goncalves@gmail.com,,,,,,,,,Australia,,
Lopin Gipom,,,amek@yahoo.co.uk,,,,,,,,,Australia,,
Vilma Sukyte,,,judvilma@yahoo.com,,,,,,,,,Australia,,
Marie Shanks,,,shanksm@live.com,,,,,,,,,Australia,,
Michelle Bedford,,,michelle.a.bedford@coastguard.com.au,,,,,,,,,Australia,,
Emily haines,,,emilylaurahaines@gmail.com,,,,,,,,,Australia,,
R Doyle,,,richdoyle1013@gmail.com,,,,,,,,,Australia,,
Shertyl Mueller,,,sash05@bigpond.com,,,,,,,,,Australia,,
Hannah Lawson,,,hannahlawson1@me.com,,,,,,,,,Australia,,
Paul Perkins,,,paulsobe@gmail.com,,,,,,,,,Australia,,
Mirei Shirakawa,,,mireik624@gmail.com,,,,,,,,,Australia,,
Joey Boothby,,,joeykboo@gmail.com,,,,,,,,,Australia,,
Leo Pucci,,,lezlodepucci@gmail.com,,,,,,,,,Australia,,
Angela Dunnett,,,angela_dunnett@yahoo.com.au,,,,,,,,,Australia,,
April Gersbach,,,aprilgersbach283@gmail.com,,,,,,,,,Australia,,
Barbara  Tiernan,,,barbara.tiernan@bigpond.com,,,,,,,,,Australia,,
Mick Liubinskas,,,mick@liubinskas.com,,,,,,,,,Australia,,
Nigel Hooke,,,clean@nfhooke.fastmail.fm,,,,,,,,,Australia,,
Chris Bouzaid,,,cb@ab-marine.com,,,,,,,,,Australia,,
Den Habermann,,,dehabermann@posteo.de,,,,,,,,,Australia,,
Anahi Gonzales,,,anahiiowo@gmail.com,,,,,,,,,Australia,,
Alicia Drew,,,aliciadrew@optusnet.com.au,,,,,,,,,Australia,,
lm ao,,,depthfortnite7@gmail.com,,,,,,,,,Australia,,
jordan town,,,tow0001@rochsec.vic.edu.au,,,,,,,,,Australia,,
Natalie Wheatley,,,natwheats83@gmail.com,,,,,,,,,Australia,,
Danielle  Lynn,,,danjade@hotmail.com,,,,,,,,,Australia,,
Wendy Wood,,,ww1693@gmail.com,,,,,,,,,Australia,,
Fernanda Alves,,,fernandaparreira23@gmail.com,,,,,,,,,Australia,,
Luca Saponari,,,luca.saponari@gmail.com,,,,,,,,,Australia,,
Erick Palomo,,,erick.palomo.p@gmail.com,,,,,,,,,Australia,,
Rennie Sundram,,,renniesundram@gmail.com,,,,,,,,,Australia,,
Blake Richter,,,blakerichter@yahoo.com.au,,,,,,,,,Australia,,
Heloise Turner,,,helerose13@gmail.com,,,,,,,,,Australia,,
Francisco Escario,,,francisco.escario@gmail.com,,,,,,,,,Australia,,
,,,patrick@patrickscott.net,,,,,,,,,Australia,,
Sue Braun,,,sbraun899@gmail.com,,,,,,,,,Australia,,
Bill Jackson,,,bill.jackson1@gmail.com,,,,,,,,,Australia,,
Doug Robinson,,,jsaelectric@comcast.net,,,,,,,,,Australia,,
raz ganie,,,ganier@aforbes.com,,,,,,,,,Australia,,
Lyle  Ompad,,,ompad.lyle24@gmail.com,,,,,,,,,Australia,,
Michael Williams,,,titan02mlw@gmail.com,,,,,,,,,Australia,,
Elena Balta,,,elenalighthouse@gmail.com,,,,,,,,,Australia,,
,,,rguillemette@guill.com,,,,,,,,,Australia,,
Timm Trustaedt,,,titrustaedt@gmail.com,,,,,,,,,Australia,,
Aileen Vening,,,veninga@dcsi.net.au,,,,,,,,,Australia,,
bob cena,,,suckurmom@googlemail.com,,,,,,,,,Australia,,
aiman  isa,,,akhlaqenn@gmail.com,,,,,,,,,Australia,,
maggie omara,,,mogginthemog@homail.com,,,,,,,,,Australia,,
Sunny Hu,,,huchihhsin@hotmail.com,,,,,,,,,Australia,,
Sarah  Dock,,,docksarah@gmail.com,,,,,,,,,Australia,,
MARK CLAYTON,,,mcclayton3105@gmail.com,,,,,,,,,Australia,,
Thomas  Simmerlein,,,thomas.simmerlein@mail.com,,,,,,,,,Australia,,
Erin Mueller,,,erin.mueller@hotmail.com,,,,,,,,,Australia,,
Glenn Firth,,,glennfreak@hotmail.com,,,,,,,,,Australia,,
Elsa Bagnulo,,,elsaq@me.com,,,,,,,,,Australia,,
Brendan Smith,,,brendanjonsmith@gmail.com,,,,,,,,,Australia,,
Kylee Clover,,,kdc00@icloud.com,,,,,,,,,Australia,,
Nicola Britton,,,nbritton@gofundme.com,,,,,,,,,Australia,,
Debra Strong,,,debra.strong73@gmail.com,,,,,,,,,Australia,,
Jerry Alphanto,,,jerry.alphanto@gmail.com,,,,,,,,,Australia,,
Jillian King,,,jillking@internode.on.net,,,,,,,,,Australia,,
Elizabeth Woolcock,,,info@elizabethwoolcock.com.au,,,,,,,,,Australia,,
Marco Müller,,,marcomueller1993@web.de,,,,,,,,,Australia,,
Scott Merchant,,,merchant.scott@gmail.com,,,,,,,,,Australia,,
Jacquie Redfern,,,jacquieredfern@gmail.com,,,,,,,,,Australia,,
CL Lam,,,lam@ganda.org,,,,,,,,,Australia,,
Judith Peppard,,,judithlpeppard@gmail.com,,,,,,,,,Australia,,
Pamela Mullins,,,pmullinsuk@hotmail.com,,,,,,,,,Australia,,
Vianca Jewaskiewitz,,,viancaj143@yahoo.com,,,,,,,,,Australia,,
Andrew Kelly,,,info@ize.com.au,,,,,,,,,Australia,,
Lyall Moore,,,notmyplanet@outlook.com,,,,,,,,,Australia,,
Ash Crook,,,ashleyc@sjc.vic.edu.au,,,,,,,,,Australia,,
julian Falkenstein,,,julianfalkenstein@gmail.com,,,,,,,,,Australia,,
Hannah Turner,,,hannaah.turner@gmail.com,,,,,,,,,Australia,,
Lisa Justice,,,lisajustice1@hotmail.com,,,,,,,,,Australia,,
christina amrhein,,,christina_amrhein@hotmail.com,,,,,,,,,Australia,,
Tony Booth,,,apgbooth@yahoo.com.au,,,,,,,,,Australia,,
Ged Hart,,,gedh@totaloutdoormedia.com.au,,,,,,,,,Australia,,
Judy Dunster,,,judyjpdunster@gmail.com,,,,,,,,,Australia,,
Lisa Hubbard,,,lisahubbard@charter.net,,,,,,,,,Australia,,
Peta Fisher,,,peta.fisher@transport.nsw.gov.au,,,,,,,,,Australia,,
Margarida Sousa Ramos,,,margarida.ramos.1995@gmail.com,,,,,,,,,Australia,,
sebastian lopez,,,lopezaraneda.sebastian@gmail.com,,,,,,,,,Australia,,
Lena Mai Lietz,,,acquisition@cscp.org,,,,,,,,,Australia,,
Anna Williams,,,williams_anna@cusdk8.org,,,,,,,,,Australia,,
bob bob,,,leo.radcliffe01@gmail.com,,,,,,,,,Australia,,
Meika Tomney,,,meika.tomney@sjspl.catholic.edu.au,,,,,,,,,Australia,,
Jennifer Shugg,,,jennysmp21@gmail.com,,,,,,,,,Australia,,
Lee Baker,,,baker.lee1982@gmail.com,,,,,,,,,Australia,,
Wendy Wait,,,wendywait1@gmail.com,,,,,,,,,Australia,,
Ross Olden,,,ross@olden.com.au,,,,,,,,,Australia,,
Farrah Naike Monzón More,,,farrahnmm@gmail.com,,,,,,,,,Australia,,
Kim Babbage,,,kim.babbage1@bigpond.com,,,,,,,,,Australia,,
Aneesha Capur,,,aneeshacapur@icloud.com,,,,,,,,,Australia,,
Cathi Rigby,,,rigbycathi@gmail.com,,,,,,,,,Australia,,
Emma  DeHaan,,,emde53503@gmail.com,,,,,,,,,Australia,,
Robert Rader,,,raderrobert@yahoo.com,,,,,,,,,Australia,,
Vicky Funston,,,vicky@farphotography.com.au,,,,,,,,,Australia,,
Robin Maguire,,,robinfdmag@gmail.com,,,,,,,,,Australia,,
Lisa  Hartke,,,lihartke@roadrunner.com,,,,,,,,,Australia,,
Frank Jung,,,frank71@tpg.com.au,,,,,,,,,Australia,,4 Ozone Ave�
Rhiannon Smith,,,rhiannonsmith4@hotmail.com,,,,,,,,,Australia,,
rafael ruiz,,,rafaelruiz_96@hotmail.com,,,,,,,,,Australia,,
Eliza Emerich,,,eliza.gaylord@hotmail.com,,,,,,,,,Australia,,
Sue Hirsch,,,positiveprogress500@gmail.com,,,,,,,,,Australia,,
Balan  R Aramagan,,,balan@royalphuketmarina.com,,,,,,,,,Australia,,
Santiago Gaja,,,santiago.gaja@aecom.com,,,,,,,,,Australia,,
Zedrik Avecilla,,,techiezee@gmail.com,,,,,,,,,Australia,,
Lily Humphreys,,,lilyhumphreys14@gmail.com,,,,,,,,,Australia,,
Melia Borg,,,meliagrace@gmail.com,,,,,,,,,Australia,,
Monica Riordan,,,bellario@live.com.au,,,,,,,,,Australia,,
dave  clottu,,,clottu@bigpond.com,,,,,,,,,Australia,,
Ramachandra Raja M,,,meramchandar@gmail.com,,,,,,,,,Australia,,
Masaru Kanno,,,kanbe47@gmail.com,,,,,,,,,Australia,,
5KMBWR7X4A www.yandex.ru 5KMBWR7X4A www.yandex.ru,,,mokhova.diana@inbox.ru,,,,,,,,,Australia,,
lily guevara,,,980067827@twinriversusd.org,,,,,,,,,Australia,,
Anna Frischknecht,,,frischa@hotmail.com,,,,,,,,,Australia,,
Patrick JEAN,,,pk.jean67@gmail.com,,,,,,,,,Australia,,
Karen Brown,,,kbwow67@gmail.com,,,,,,,,,Australia,,
Jacqueline  Capriotti,,,jackcap14@gmail.com,,,,,,,,,Australia,,
Sue Cairns,,,sue.cairns@bigpond.com,,,,,,,,,Australia,,
Elise Wade,,,wadeelise@yahoo.com.au,,,,,,,,,Australia,,
Adam Howard,,,spooks38@gmail.com,,,,,,,,,Australia,,
Samara Irvine,,,marairvine@gmail.com,,,,,,,,,Australia,,
Peter Dowdney,,,pdowdney@ronstan.com.au,,,,,,,,,Australia,,
Andrew  Bock,,,afbock@gmail.com,,,,,,,,,Australia,,
Noah Simon,,,noah.simon@blackbaud.com,,,,,,,,,Australia,,
angelica navarre,,,angelicadnav@yahoo.com,,,,,,,,,Australia,,
Kati Brugnoli,,,kati.brugnoli@gmail.com,,,,,,,,,Australia,,
Rahelle Lemma,,,rahellelemma@hotmail.ca,,,,,,,,,Australia,,
jean stanton,,,jestan29@gmail.com,,,,,,,,,Australia,,
Cassandra Bisko,,,casbisko@gmail.com,,,,,,,,,Australia,,
Asya Gulenova,,,asya_mindova@mail.bg,,,,,,,,,Australia,,
Rex Miller,,,millerrex569@gmail.com,,,,,,,,,Australia,,
Rhylee  Moore,,,rjmoore13@icloud.com,,,,,,,,,Australia,,
George  Georgiadis,,,gag64@me.com,,,,,,,,,Australia,,
Gordon Noble,,,gordon.noble@uts.edu.au,,,,,,,,,Australia,,
Cathie  Lane,,,cathiedlane@yahoo.com,,,,,,,,,Australia,,
MARITO MOLINO,,,maritomolino@gmail.com,,,,,,,,,Australia,,
Emily Wardrop,,,emi.w@hotmail.co.uk,,,,,,,,,Australia,,
Jules Lin,,,juleslin@me.com,,,,,,,,,Australia,,
Fabio Canto,,,fabiodagr@gmail.com,,,,,,,,,Australia,,
Rachel Davis,,,racheldavis97@outlook.com,,,,,,,,,Australia,,
Michelle Ward,,,michellew@dcsi.net.au,,,,,,,,,Australia,,
Keetah Evans,,,evans.keetah.k@edumail.vic.gov.au,,,,,,,,,Australia,,
LI LIU,,,lilyliu@outlook.com,,,,,,,,,Australia,,
Graham Dow,,,dgdow@icloud.com,,,,,,,,,Australia,,
Ajit Kumar,,,ajitkumar997391@gmail.com,,,,,,,,,Australia,,
Erica Galea,,,ericag@chemcorp.com.au,,,,,,,,,Australia,,
sara garric,,,garricsara6@yahoo.com,,,,,,,,,Australia,,
Kristina Valencia,,,kristinavalencia75@gmail.com,,,,,,,,,Australia,,
Ann Hem,,,ann.hem@me.com,,,,,,,,,Australia,,
Noah Connell,,,noahsullicon@gmail.com,,,,,,,,,Australia,,
Carlos O'Reilly,,,oreilly@uol.com.br,,,,,,,,,Australia,,
,,,seaview@wn.com.au,,,,,,,,,Australia,,
Emily Reeves,,,emilyreeves@hotmail.com,,,,,,,,,Australia,,
Nala Taylor,,,consciouscoach@hotmail.com,,,,,,,,,Australia,,
Dakota  Harris,,,kota.loves.kaxes@gmail.com,,,,,,,,,Australia,,
Thiago Domingos,,,domingos.thiago@gmail.co,,,,,,,,,Australia,,
Joan Denahy,,,jdenahy@gmail.com,,,,,,,,,Australia,,
Abby Bernath,,,abby.bernath123@gmail.com,,,,,,,,,Australia,,
Kelly Windle,,,kellywindle@gmail.com,,,,,,,,,Australia,,
Nathan Watkins,,,nathanwatkins@live.com.au,,,,,,,,,Australia,,
Alessandro Romano,,,alessandrocarboneromano@gmail.com,,,,,,,,,Australia,,
Chelsea Innes,,,chelseainnes5@gmail.com,,,,,,,,,Australia,,
Tarnee Morey,,,tarneemorey@gmail.com,,,,,,,,,Australia,,
PETER LAMSHED,,,peter.lamshed@gmail.com,,,,,,,,,Australia,,
Sharhn Wlodkowski,,,sharhn80@hotmail.com,,,,,,,,,Australia,,
MANISH CHATURVEDI,,,manish.chturvedi@gmail.com,,,,,,,,,Australia,,
Maria Teixeira,,,mltinfante@gmail.com,,,,,,,,,Australia,,
dennis Dal Santo,,,dennis.dal@optusnet.com.au,,,,,,,,,Australia,,
christy cota,,,christylove1766@gmail.com,,,,,,,,,Australia,,
Lavina Da Silva,,,ldasilva303@gmail.com,,,,,,,,,Australia,,
JEFFREY MARSHALL,,,jeffreymarshall122@gmail.com,,,,,,,,,Australia,,
Hailey Houseberg,,,mark@houseberg.com,,,,,,,,,Australia,,
Elenore Lannigan,,,elenore.lannigan@gmail.com,,,,,,,,,Australia,,
Uwe Flade,,,uwe.flade@yahoo.com,,,,,,,,,Australia,,
Sreehari Vs,,,sreeharisheeja4@gmail.com,,,,,,,,,Australia,,
Maria Domingues,,,mariabeatriz.cd@gmail.com,,,,,,,,,Australia,,
Aasiff  Hilmee,,,aasif.hilmee@gmail.com,,,,,,,,,Australia,,
Margaret Thomas,,,mjthomas52@aol.com,,,,,,,,,Australia,,
Kristyna Powell,,,kristyna.rodriguez@gmail.com,,,,,,,,,Australia,,
Tia Mustey,,,andid@bigpond.com,,,,,,,,,Australia,,
Simon Perry,,,simonperry.sjp@gmail.com,,,,,,,,,Australia,,
a s,,,aarthiab@yahoo.com,,,,,,,,,Australia,,
Tara Rune,,,mermaidlife6@gmail.com,,,,,,,,,Australia,,
Geovanna Molina.,,,geovannamoramolina@gmail.com,,,,,,,,,Australia,,
Sally Rowe,,,sripatiii@hotmail.com,,,,,,,,,Australia,,
Russell Jennings,,,messmate2@gmail.com,,,,,,,,,Australia,,
Yasemin Ersun-Hallsby,,,yersunhallsby@dom.edu,,,,,,,,,Australia,,
Tony Gleeson,,,tee.gee2@yahoo.com.au,,,,,,,,,Australia,,
janice jayne,,,jjayne@eclcofnj.org,,,,,,,,,Australia,,
Garry Hamilton,,,garry.hamilton@noosabiosphere.org.au,,,,,,,,,Australia,,
Ariana Johnson,,,ariana.johnson520@gmail.com,,,,,,,,,Australia,,
Natalie Smith,,,info@kennedysmith.design,,,,,,,,,Australia,,
Jill Hartley,,,jill.hartley@northernbeaches.nsw.gov.au,,,,,,,,,Australia,,
Enrico Mascio,,,rmascio@wildwoodnj.org,,,,,,,,,Australia,,
Wendy Lucas,,,wendywen1@hotmail.com,,,,,,,,,Australia,,
Ashley Webb,,,borocks14@gmail.com,,,,,,,,,Australia,,
Jonathon Douglas,,,nzcoke@hotmail.com,,,,,,,,,Australia,,
Sarah Davis,,,sarahmargaretdavis@gmail.com,,,,,,,,,Australia,,
John Gemmill,,,johng@cleanocean.org,,,,,,,409425133,,Australia,,
Devante Kling,,,webster_kris@jephy-webmail.com,,,,,,,,,Australia,,
Tony Gay,,,tony.gay.photographer@gmail.com,,,,,,,,,Australia,,
Calllan Elliott,,,callanelliott420@gmail.com,,,,,,,,,Australia,,
sandra fachin,,,sandra.fachin@oceanodigital.com.br,,,,,,,,,Australia,,
Rhys Jinks,,,rhys_jinks@hotmail.com,,,,,,,,,Australia,,
Deb Mayrhofer,,,debra.mayrhofer@gmail.com,,,,,,,,,Australia,,
Iris Turton,,,iris.turton@gmail.com,,,,,,,,,Australia,,
Emma Norgrove,,,emma.orgrove@gmail.com,,,,,,,,,Australia,,
Nikoletta Anagnostopoulou,,,polykl.nanagn@evaggelismos-hosp.gr,,,,,,,,,Australia,,
Tannah Munson,,,tannahmunson@outlook.com,,,,,,,,,Australia,,
Milca Tzimas,,,milcapm@gmail.com,,,,,,,,,Australia,,
Tyler Joy,,,tmj1@yvg.vic.edu.au,,,,,,,,,Australia,,
Lucille Tregear,,,lucille@totaloutdoormedia.com.au,,,,,,,,,Australia,,
Leanne MacAllister,,,fortiter888@hotmail.com,,,,,,,,,Australia,,
Matthew C. G. Brockbank,,,brockbank81@yahoo.com,,,,,,,,,Australia,,
Carly  Papandrea,,,hello@thetownsfolk.com.au,,,,,,,,,Australia,,
Joanne M,,,joannemav11@gmail.com,,,,,,,,,Australia,,
Marco Fattorini,,,fatto-96@hotmail.it,,,,,,,,,Australia,,
Chloe Luo,,,luoxingyi@gmail.com,,,,,,,,,Australia,,
magdi negm,,,m_negm1@yahoo.com,,,,,,,,,Australia,,
Dani,,,dhildebrandt88@gmail.com,,,,,,,,,Australia,,
kevin lyons,,,klyons@internode.on.net,,,,,,,,,Australia,,
Michael Kaziura,,,michaelbrazil@hotmail.com,,,,,,,,,Australia,,
Daniela Vasilev,,,america999@hotmail.com,,,,,,,,,Australia,,
CHARITY DELL,,,celestialchoir@gmail.com,,,,,,,,,Australia,,
Paul Maddock,,,pfmaddock@gmail.com,,,,,,,,,Australia,,
Ruth Chan,,,ruthjchan@gmail.com,,,,,,,,,Australia,,
Jody Hartley,,,jodyhartley55@gmail.com,,,,,,,,,Australia,,
Noa Rodriguez,,,noacarba@gmail.com,,,,,,,,,Australia,,
Angela Flynn,,,the.angie.flynn@gmail.com,,,,,,,,,Australia,,
Katherine Cousins,,,kath@vortexsurfskatesnow.com.au,,,,,,,,,Australia,,
Michael Aragon,,,mlaragon21@gmail.com,,,,,,,,,Australia,,
Lucian Scalia,,,sv_luciasca28@svlocal.org,,,,,,,,,Australia,,
Savannah Rae,,,srr789@myyahoo.com,,,,,,,,,Australia,,
Roger Gough,,,rog928@gmail.com,,,,,,,,,Australia,,
Elizabeth Laenen,,,lolalaenen19@outlook.com,,,,,,,,,Australia,,
Bridget Hallion,,,bridgetlouise@outlook.com.au,,,,,,,,,Australia,,
Lyle Taualai,,,l.tautua@gmail.com,,,,,,,,,Australia,,
Kyan Hooper,,,kyanhooper03@gmail.com,,,,,,,,,Australia,,
Engela van Dyk,,,inkie@lantic.net,,,,,,,,,Australia,,
Michael Aubrey King,,,mikeking63@gmail.com,,,,,,,,,Australia,,
Edmund Glass,,,glassworld@aol.com,,,,,,,,,Australia,,
Don King,,,donking@centurylink.net,,,,,,,,,Australia,,
candice dick fit in your mouth,,,jacob.lee10@icloud.com,,,,,,,,,Australia,,
Tammy Merayias,,,tmerayias@gmail.com,,,,,,,,,Australia,,
tim Boucaut,,,tim@boucaut.com,,,,,,,,,Australia,,
Sebastian Nelson Holer,,,holer.s@stjon.school.nz,,,,,,,,,Australia,,
Paul  Watkins,,,chock22@hotmail.com,,,,,,,,,Australia,,
Tracey Swadling,,,puddleduck117@gmail.com,,,,,,,,,Australia,,
Moacir Jorge Oliveira,,,ame.sempre@hotmail.com,,,,,,,,,Australia,,
kaye rodden,,,kathrynminette@gmail.com,,,,,,,,,Australia,,
KAVIMANI  MADHU,,,kavimani_madhu@yahoo.com.my,,,,,,,,,Australia,,
Liz Gough,,,egough2@bigpond.com,,,,,,,,,Australia,,
Todd Tai,,,todd@mivision.com.au,,,,,,,,,Australia,,
Terry Capewell,,,terry.capewell@ntlworld.com,,,,,,,,,Australia,,
Greg Parker,,,parkerdpm@starlinx.com,,,,,,,,,Australia,,
Robert Gardiner,,,pacpix@optusnet.com.au,,,,,,,,,Australia,,
Michelle Blewitt,,,michelleb@tec.org.au,,,,,,,,,Australia,,
ABHILASH CHANDRAN,,,abhilashsts@gmail.com,,,,,,,,,Australia,,
Raymundo Eichmann,,,taylor_powlowski98@webmai.co,,,,,,,,,Australia,,
Ashley Orr,,,ashleyeorr@hotmail.com,,,,,,,,,Australia,,
David Mc Fadyen,,,dmcfadyen@ispt.net.au,,,,,,,,,Australia,,13 Heath St.
Lyle Russell,,,lylerussell54@gmail.com,,,,,,,,,Australia,,
Mark  Tratt,,,m.t4315@yahoo.com,,,,,,,,,Australia,,
Jessie Johnson,,,chiefsfans1@sbcglobal.net,,,,,,,,,Australia,,
Mollie Connors,,,connorsmollie25@yahoo.com,,,,,,,,,Australia,,
David Huynh,,,david010102@hotmail.com,,,,,,,,,Australia,,
Fernanda  Ordorica,,,fernio2002@gmail.com,,,,,,,,,Australia,,
Carlos Bueno,,,carlos.bueno@reefcatchments.com,,,,,,,,,Australia,,
Jane Strangward,,,janestrangward@gmail.com,,,,,,,,,Australia,,
Olivia Stephenson,,,livstep3@gmail.com,,,,,,,,,Australia,,
Natasha  Green,,,natashamillwood@hotmail.com,,,,,,,,,Australia,,
Grace Giorge,,,ggiorge@outlook.com,,,,,,,,,Australia,,
Anzum Uddin,,,anzumuddin@gmail.com,,,,,,,,,Australia,,
yamo Li,,,liyamoada412@gmail.com,,,,,,,,,Australia,,
carlos vargas,,,c_v_c@live.cl,,,,,,,,,Australia,,
Jo Greenwood,,,jogreenwood59@gmail.com,,,,,,,,,Australia,,
Kaspar  paur,,,hello@oceaneers.co,,,,,,,,,Australia,,
Osborne Buckridge,,,krystel23@jephy-webmail.com,,,,,,,,,Australia,,
sam buk,,,bracerosr@ismanila.org,,,,,,,,,Australia,,
Ross Cunningham,,,ross@stelogic.co.uk,,,,,,,,,Australia,,
Amanda Brosowsky,,,broz5@hotmail.com,,,,,,,,,Australia,,
Robbie Diamond,,,rough99@live.com,,,,,,,,,Australia,,
Ryan Flynn,,,ryan.flynn@usa.net,,,,,,,,,Australia,,
emma bini,,,ebini123@gmail.com,,,,,,,,,Australia,,
Christie  Ozkara,,,koerntjesc@gmail.com,,,,,,,,,Australia,,
Nina  Harris,,,ninaharris@westnet.com.au,,,,,,,,,Australia,,
Scott Maddock,,,scott@gibbsmaddock.com,,,,,,,,,Australia,,
Martin  Vandenberg,,,mvp60@live.ca,,,,,,,,,Australia,,
Haruto Miyake,,,hmiyake_26@tokyowest.jp,,,,,,,,,Australia,,
rayne  mckenzie,,,rayne187@hotmail.com,,,,,,,,,Australia,,
kesego mokgethisi,,,cassiemokgethisi@gmail.com,,,,,,,,,Australia,,
sal cleeve,,,coconutorganics@gmail.com,,,,,,,,,Australia,,
Erin Cini,,,erin.cini@wsaa.asn.au,,,,,,,,,Australia,,
Piero Orellana,,,orellana.piero91@gmail.com,,,,,,,,,Australia,,
Trish Dennis,,,trishedennis@gmail.com,,,,,,,,,Australia,,
Simon  Stodart,,,stodartsimon@gmail.com,,,,,,,,,Australia,,
Hanna Freail,,,htaylor269@btinternet.com,,,,,,,,,Australia,,
Simon Duma,,,simon.duma@esurioprojects.com.au,,,,,,,,,Australia,,
Jill  Erikssen,,,jill.erikssen@y7mail.com,,,,,,,,,Australia,,
Alison Guesdon,,,aguesdon@live.com.au,,,,,,,,,Australia,,
Stuart Gribble,,,stuart.gribble@icloud.com,,,,,,,,,Australia,,
Ellie Morrow,,,ellie.morrow@delwp.vic.gov.au,,,,,,,,,Australia,,
Hardeep Girn,,,hardeep@knowmygroup.com,,,,,,,,,Australia,,
Yolanda Schipper,,,mamma1@live.nl,,,,,,,,,Australia,,
Laurel Mechler,,,lmechler25@gmail.com,,,,,,,,,Australia,,
boring stuff,,,fake@gmail.com,,,,,,,,,Australia,,
Kaung Myat,,,jwhite16@gmail.com,,,,,,,,,Australia,,
Martin Summons,,,mdsummons@bigpond.com,,,,,,,,,Australia,,
Leslie Davies,,,libraryleslie@yahoo.com,,,,,,,,,Australia,,
Catherine  Todd,,,catherinetodd1957@yahoo.com,,,,,,,,,Australia,,
Krizia Garrido Castro,,,krizia003@gmail.com,,,,,,,,,Australia,,
Faidat  Adelabu,,,faidaadelabu@yahoo.com,,,,,,,,,Australia,,
Amy Priemus,,,amypriemus@gmail.com,,,,,,,,,Australia,,
David Ellis,,,davidernonellis@gmail.com,,,,,,,,,Australia,,
John Finlay,,,john@worldsurfaris.com,,,,,,,,,Australia,,
Drew McPherson,,,drew@surfrider.org.au,,,,,,,,,Australia,,
Marco Garcia,,,marcogarcia@pro-ocean.org,,,,,,,,,Australia,,
Bernat Albinyana,,,bernat.albinyana@gmail.com,,,,,,,,,Australia,,
Sarah Belsar,,,sarah.belsar@gmail.com,,,,,,,,,Australia,,
Eva Green,,,mailevagreen@gmail.com,,,,,,,,,Australia,,
GERARD MANRIQUE,,,gerard.manrique@gmail.com,,,,,,,,,Australia,,
noah mertz,,,nmertz@wegroweco.org,,,,,,,,,Australia,,
Wendy Moore,,,bitternsweet@westnet.com.au,,,,,,,,,Australia,,
Ivan Fransis,,,ivanflorestours@gmail.com,,,,,,,,,Australia,,
Inge Bouwman,,,ingebouwman@planet.nl,,,,,,,,,Australia,,
Peninsula Waterbikes,,,info@peninsulawaterbikes.com.au,,,,,,,,,Australia,,
Oneaea jarrad,,,oneaea.jarrad@gmail.com,,,,,,,,,Australia,,
Lisa Remato,,,lisa@uncommonfolk.com.au,,,,,,,,,Australia,,
Terrilyn Clardy,,,terrilynclardy2@gmail.com,,,,,,,,,Australia,,
Blanca Mendoza,,,monasteriodemendoza@gmail.com,,,,,,,,,Australia,,
Sabine Hagan,,,sabine.hagan@gmail.com,,,,,,,,,Australia,,
Emilia Borkowska,,,emiborkov@gmail.com,,,,,,,,,Australia,,
Shasta Fisher,,,shasfisher@gmail.com,,,,,,,,,Australia,,
ezgi sala,,,salaezgi2@gmail.com,,,,,,,,,Australia,,
Steve  Akins,,,steve.akins@dronearrival.com,,,,,,,,,Australia,,
Adam Haire,,,ahair01@s.tatachilla.sa.edu.au,,,,,,,,,Australia,,
Lilian Rodrigues,,,lilianselis@hotmail.com,,,,,,,,,Australia,,
Liam Dennis-green,,,surfnatural@gmail.com,,,,,,,,,Australia,,
Jones Paul,,,paul@oceanarc.com.au,,,,,,,,,Australia,,62 Butler St
Laura Williams,,,lauraheather113@gmail.com,,,,,,,,,Australia,,
Tibz Rugz,,,moyomartins72@gmail.com,,,,,,,,,Australia,,
Marina Okopnaia Vuksanovic,,,okopnaim@mail.gvsu.edu,,,,,,,,,Australia,,
Carol Biegun,,,biegunc@covertps.org,,,,,,,,,Australia,,
Jack Glenn,,,jackglenn31@gmail.com,,,,,,,,,Australia,,
Chrissy Lehpamer,,,christine_lehpamer@hotmail.com,,,,,,,,,Australia,,
Al  Jam,,,jamtin77@gmail.com,,,,,,,,,Australia,,
kate Albert,,,kalbert@networkten.com.au,,,,,,,,,Australia,,
Kush Varia,,,kush.varia@picassofilm.com,,,,,,,,,Australia,,
Emily Loveless,,,lilymarjorie@icloud.com,,,,,,,,,Australia,,
Sophie Winfield,,,sophie.winfield@outlook.com.au,,,,,,,,,Australia,,
Michelle Morris,,,mishlee9496@gmail.com,,,,,,,,,Australia,,
Rochelle Bibby,,,rochelle.bibby@gmail.com,,,,,,,,,Australia,,
Michael Davies,,,mdavies@genuineh2.com.au,,,,,,,,,Australia,,
Merel Summerhill,,,ms9tv@virginia.edu,,,,,,,,,Australia,,
William McClendon,,,womcclendon@gmail.com,,,,,,,,,Australia,,
Dave Malda,,,dmalda@hotmail.com,,,,,,,,,Australia,,
Nathalie Flückiger,,,nathi.flueckiger@bluewin.ch,,,,,,,,,Australia,,
Mathew Parsons,,,mathewparsons150@gmail.com,,,,,,,,,Australia,,
michelle munoz,,,michellemunoz1413@gmail.com,,,,,,,,,Australia,,
jan royal,,,janroyal2000@hotmail.com,,,,,,,,,Australia,,
AJ doyle,,,adrian.d@sjferntreegully.catholic.eduau,,,,,,,,,Australia,,
Fleur,,,fleurjolley@hotmail.com,,,,,,,,,Australia,,
Damian Ronksley,,,damianronksley@me.com,,,,,,,,,Australia,,
Eliza Smith,,,eliza@taskcrusher.com.au,,,,,,,,,Australia,,
Jo Rose,,,jorose1210@gmail.com,,,,,,,,,Australia,,
Kalina Mackowska,,,kalina.mackowska@gmail.com,,,,,,,,,Australia,,
Madinha Aumaree,,,mfaumaree@gmail.com,,,,,,,,,Australia,,
Dmitriy Khomskov,,,sword00115@gmail.com,,,,,,,,,Australia,,
tomhas waeawea,,,billylikesmen@gmail.com,,,,,,,,,Australia,,
Tim Wallace,,,wal182@hotmail.com,,,,,,,,,Australia,,
Safia Dindic,,,dindicsafia@gmail.com,,,,,,,,,Australia,,
Dee Silver,,,dsilver1929@outlook.com,,,,,,,,,Australia,,
Claire Divas,,,claire@leadgendata.info,,,,,,,,,Australia,,
Tom Grimmett,,,trgrimmett@gmail.com,,,,,,,,,Australia,,
Meow Patel,,,manish@gmail.com,,,,,,,,,Australia,,
David Field,,,dfieldsy58@gmail.com,,,,,,,,,Australia,,
Stewart Dallas,,,s.dallas@murdoch.edu.au,,,,,,,,,Australia,,
rick diekema,,,diekemarick@gmail.com,,,,,,,,,Australia,,
Amanda,,,mandy@luckylittlepenguins.com.au,,,,,,,,,Australia,,
Jess Brain,,,jessica.brain@live.com,,,,,,,,,Australia,,
Lani W,,,1lani.watson@gmail.com,,,,,,,,,Australia,,
Ed Wilson,,,edward.wilson@hotmail.co.uk,,,,,,,,,Australia,,
Thea  Reyes,,,altheareyeszalamea@icloud.com,,,,,,,,,Australia,,
Carmelina  Leal de Souza,,,carmelaleal@bol.com.brca,,,,,,,,,Australia,,
Bob Ridgway,,,info@arcdesign-ltd.co.uk,,,,,,,,,Australia,,
Samuel Nyuma,,,glogclean2018@gmail.com,,,,,,,,,Australia,,
Bill James,,,billwj1988@gmail.com,,,,,,,,,Australia,,
Josh Arkey,,,joshua.arkey@gmail.com,,,,,,,,,Australia,,
Vaibhav Gupta,,,vaibhavgupta.h@gmail.com,,,,,,,,,Australia,,
DEB Hopkins,,,littledeb007@hotmail.com,,,,,,,,,Australia,,
JOHN WEST,,,happyjack1961@gmail.com,,,,,,,,,Australia,,
Gillian Renshaw,,,g.renshaw@griffith.edu.au,,,,,,,,,Australia,,
Kay Wang,,,kpywang727@gmail.com,,,,,,,,,Australia,,
Lena Remy,,,lena.remy@gmail.com,,,,,,,,,Australia,,
Kayleigh Henry-Wilson,,,2118080@saanichlearns.ca,,,,,,,,,Australia,,
Tracy Allen,,,tracyallen433@yahoo.com,,,,,,,,,Australia,,
salsabila nanda  pradita,,,salsabilapradita17@gmail.com,,,,,,,,,Australia,,
Monique Ewald,,,monique.ewald@hotmail.com,,,,,,,,,Australia,,
gsregres reggregre,,,efwcewewf@ftg.com,,,,,,,,,Australia,,
Jon Day,,,kelpie@kelptraders.com,,,,,,,,,Australia,,
Lynnda Palmer,,,lynndateach@aol.com,,,,,,,,,Australia,,
Jasmine Watterson,,,jasmine_watterson@hotmail.com,,,,,,,,,Australia,,
Boyd Blackwell,,,boydbwell@gmail.com,,,,,,,,,Australia,,
Victoria Zisumbo,,,s23-vzis949@w-usd.org,,,,,,,,,Australia,,
Amelia Lorentson,,,alorent@spiderweb.com.au,,,,,,,,,Australia,,
Tim Woolnough,,,tim.woolnough@rms.nsw.gov.au,,,,,,,,,Australia,,
Stuart Oldham,,,stuartjoldham@hotmail.com,,,,,,,,,Australia,,
Theresa Schryer,,,theresaschryer@yahoo.com,,,,,,,,,Australia,,
Lorna Walters,,,lornawalters@bigpond.com,,,,,,,,,Australia,,
Matt Fulwood,,,matt.fulwood@googlemail.com,,,,,,,,,Australia,,
Dali to Sanghera,,,sangheradali5@gmail.com,,,,,,,,,Australia,,
Morten Røisland,,,morten@roislandco.no,,,,,,,,,Australia,,
Chun ming Chang,,,v108069@gmail.com,,,,,,,,,Australia,,
Peter Rosentreter,,,petewr@bigpond.net.au,,,,,,,,,Australia,,
Sophie BroughtonCunningham,,,sophiebeecee@gmail.com,,,,,,,,,Australia,,
Tania Wakelam,,,taniaewakelam@yahoo.com.au,,,,,,,,,Australia,,
jannie brown,,,janniebrown@bigpond.com,,,,,,,,,Australia,,
chcken sandwich,,,jwidijchcsuh8heudhu@gmail.com,,,,,,,,,Australia,,
Виктор Скляров,,,mmmdelta2012@gmail.com,,,,,,,,,Australia,,
Elizabeth Kaziro,,,e.kaziro@bigpond.com,,,,,,,,,Australia,,
Alison Astone,,,aliandcaitlifestylebrand@gmail.com,,,,,,,,,Australia,,
Vinay Reddy,,,vreddy147@gmail.com,,,,,,,,,Australia,,
Erin Demmon,,,erindemmon@gmail.com,,,,,,,,,Australia,,
Nic van Zyl,,,nicolenevanzyl3@gmail.com,,,,,,,,,Australia,,
Emerson Hyne,,,emersonhyne@gmail.com,,,,,,,,,Australia,,
Ronny Janssens,,,seppelier@hotmail.com,,,,,,,,,Australia,,
Andrea  Chalmers,,,andrea.hagen@hotmail.com,,,,,,,,,Australia,,
Erica Louise,,,baznpoppy@yahoo.com.au,,,,,,,,,Australia,,
Kylie Baracz,,,info@tribalbeach.com.au,,,,,,,,,Australia,,
Hayley Kirby,,,hayley_kirby83@hotmail.com,,,,,,,,,Australia,,
Diane Monteith,,,dianepatricia2720@gmail.com,,,,,,,,,Australia,,
Merryn Leo,,,merryn.leo@gmail.com,,,,,,,,,Australia,,
Bing Gibson,,,jadanoah333@outlook.com,,,,,,,,,Australia,,
Rob Armstrong,,,robarmstrong60@hotmail.com,,,,,,,,,Australia,,
Bonnie Pockley,,,bonniepockley@gmail.com,,,,,,,,,Australia,,
Mary Daw,,,dawns1346@mackillop.vic.edu.au,,,,,,,,,Australia,,
Edwina Barrington,,,edwinabarrington@gmaio.com,,,,,,,,,Australia,,
Logan Errotabere,,,errot88@gmail.com,,,,,,,,,Australia,,
Kirsten Redmond,,,sacredgreen8@gmail.com,,,,,,,,,Australia,,
Brodie Taylor,,,brodietaylor@gmail.com,,,,,,,,,Australia,,
Shashank Trivedi,,,trishanku.30.91@gmail.com,,,,,,,,,Australia,,
MarÍa Emilia Burgos,,,mariaemiliaburgos@gmail.com,,,,,,,,,Australia,,
Fernando Marin,,,femarin@hotmail.com,,,,,,,,,Australia,,
Francesco Natale,,,kekko.natale@icloud.com,,,,,,,,,Australia,,
Nathan Peiper,,,nathan.peiper@ghd.com,,,,,,,,,Australia,,
Ayesha Rehman,,,iamayesha@ymail.com,,,,,,,,,Australia,,
Rick Galliher,,,rick.galliher@1800gotjunk.com,,,,,,,,,Australia,,
Kinga Hague,,,kinga.pas@gmail.com,,,,,,,,,Australia,,
Cláudio  Martins,,,claudioapmartins89@gmail.com,,,,,,,,,Australia,,
Sophie Cruickshank,,,scruickshank@dualasiapacific.com,,,,,,,,,Australia,,
Madison Anthony,,,112805@student.bmg.vic.edu.au,,,,,,,,,Australia,,
Nick Mallory,,,richardhammondsdog@gmx.com,,,,,,,,,Australia,,
Fiona McCheyne,,,mcchef01@gmail.com,,,,,,,,,Australia,,
Emma Habba,,,ehabba@ttmc.co.uk,,,,,,,,,Australia,,
Tia Nguyen,,,nntt87@yahoo.com,,,,,,,,,Australia,,
DAVID LOCKEY,,,nessy8472@gmail.com,,,,,,,,,Australia,,
Hayley Traeger,,,jezhayles@adam.com.au,,,,,,,,,Australia,,
P.J. Harding,,,graphicelvis@gmail.com,,,,,,,,,Australia,,
Helen Blakeley,,,whb1867@yahoo.com.au,,,,,,,,,Australia,,
Connor Clarke,,,cclar484@eq.edu.au,,,,,,,,,Australia,,
Chris McDonald,,,chris@needessentials.com,,,,,,,,,Australia,,
Andres Hilpert,,,vesta46@jephy-webmail.com,,,,,,,,,Australia,,
Heath Mathias,,,heathmathias@protonmail.com,,,,,,,,,Australia,,
Sigrid  Didié,,,sigi@josidi.de,,,,,,,,,Australia,,
Almeta Jones,,,jon524349@stu.aasd.k12.wi.us,,,,,,,,,Australia,,
Lucca Balk-Nodal,,,luccabnoa@gmail.com,,,,,,,,,Australia,,
Bronwyn Patterson,,,bronwyn@bronwynpatterson.com,,,,,,,,,Australia,,
Mayank Goyal,,,mayankg913@gmail.com,,,,,,,,,Australia,,
Myrna Machuca,,,myrna.machuca@gmail.com,,,,,,,,,Australia,,
Chris Musilli,,,chrism@obeachydesigns.com.au,,,,,,,,,Australia,,
Qamar Schuyler,,,qamar.schuyler@csiro.au,,,,,,,,,Australia,,
Sarah Maddison,,,maddison.sarah@gmail.com,,,,,,,,,Australia,,
melissa Zackon,,,melissazackon@gmail.com,,,,,,,,,Australia,,
holden youens,,,youensholden@gmail.com,,,,,,,,,Australia,,
Lynette Day,,,lynette_maria@travel-associates.com.au,,,,,,,,,Australia,,
john daniel,,,john@kindlehill.nsw.edu.au,,,,,,,,,Australia,,
Luke Foster,,,lukapaloza@yahoo.com.au,,,,,,,,,Australia,,
Shanon Gould,,,shanong@oceanbridgeshipping.com.au,,,,,,,,,Australia,,
Hefzi  Malhis,,,hifze_mal@hotmail.com,,,,,,,,,Australia,,
Sean Maher,,,seanmaher@iinet.net.au,,,,,,,,,Australia,,
Mark Tratt,,,trattcarpentry@gmail.com,,,,,,,,,Australia,,
OLEG VELKER,,,oleg.velker@infinitterra.co.uk,,,,,,,,,Australia,,
Cassandra  Green,,,cassie.green@live.com.au,,,,,,,,,Australia,,
Britney  Reibelt,,,britneyreibelt@gmail.com,,,,,,,,,Australia,,
Maggie Pearson,,,pearson_maggie@btinternet.com,,,,,,,,,Australia,,
Jack Wheeler,,,jack@wheeler-web.com,,,,,,,,,Australia,,
Peter Jackson,,,peterthe.jackson@yahoo.com,,,,,,,,,Australia,,
GERALDINE LINGA,,,geraldinelinga20@gmail.com,,,,,,,,,Australia,,
Nils Hennicke,,,nilshennicke@web.de,,,,,,,,,Australia,,
Abinaya P,,,abiperumalskani@gmail.com,,,,,,,,,Australia,,
Sharyn  Randall,,,sharyn747@gmail.com,,,,,,,,,Australia,,
Isabel  Gálvez,,,chabelita_galvez@hotmail.com,,,,,,,,,Australia,,
Noah V,,,velawsmo@gmail.com,,,,,,,,,Australia,,
Rahul Jamwal,,,rahul.jamwal@arktastic.com,,,,,,,,,Australia,,
luiz silva,,,luizascoisasbar@yahoo.com.br,,,,,,,,,Australia,,
Valerie Strehl,,,strehl98@gmail.com,,,,,,,,,Australia,,
Joe Schmoes,,,rocket172@yahoo.com,,,,,,,,,Australia,,
Brigitte  Bullen,,,bbullen27@gmail.com,,,,,,,,,Australia,,
Sue T,,,tatchisu@gmail.com,,,,,,,,,Australia,,
Ursula Trujillo,,,ursula.trujillo@delwp.vic.gov.au,,,,,,,,,Australia,,
Pascal Rohan,,,saverne@y7mail.com,,,,,,,,,Australia,,
logan kelly,,,lodgethedodge@gmail.com,,,,,,,,,Australia,,
Karolina Etmańska,,,karoetm@gmail.com,,,,,,,,,Australia,,
Anant Tandon,,,anant.tandon222@gmail.com,,,,,,,,,Australia,,
Rob  C,,,soils@soilmaster.com,,,,,,,,,Australia,,
Robert Frediani,,,robertfrediani@hotmail.com,,,,,,,,,Australia,,35 Shorts Road
Rob Paule,,,rpaule.aus@gmail.com,,,,,,,,,Australia,,
Alexandra Manta,,,alexandramanta@yahoo.com,,,,,,,,,Australia,,
Ana Blevins,,,anamaria.blevins@gmail.com,,,,,,,,,Australia,,
IGOR JUACABA,,,igor.ary.juacaba@gmail.com,,,,,,,,,Australia,,
Vera Kukuk,,,verakukuk11@gmail.com,,,,,,,,,Australia,,
Mohamad Bakar Ismail,,,mbismail86@gmail.com,,,,,,,,,Australia,,
harald ramfjord,,,harald@ramfjord-innovation.com,,,,,,,,,Australia,,
Josh Luck,,,hosway@gmail.com,,,,,,,,,Australia,,
Barbara Kolenc,,,barbara.kolenc.biser@gmail.com,,,,,,,,,Australia,,
Sabine Berger,,,berger.sabine@gmail.com,,,,,,,,,Australia,,
Bruce Farr,,,brucefarr@hotmail.com,,,,,,,,,Australia,,
Cathy lewis,,,cathy_lewis1978@yahoo.com.au,,,,,,,,,Australia,,
John Matlock,,,johnmatlock@yahoo.com,,,,,,,,,Australia,,
craig It,,,craig@craigit.com,,,,,,,,,Australia,,
Sophie Cardillo,,,sophie.cardillo@pulteney.sa.edu.au,,,,,,,,,Australia,,
Robin Sharp,,,tgm@internode.on.net,,,,,,,,,Australia,,
Gideon Grafton,,,miss.gideon@yahoo.com,,,,,,,,,Australia,,
Ha Luong,,,htluong82@gmail.com,,,,,,,,,Australia,,
Megan Bolas,,,meganangelina@hotmail.com,,,,,,,,,Australia,,
Gerard Sloan,,,gerslo63@gmail.com,,,,,,,,,Australia,,
Adam McLean,,,amclean4@me.com,,,,,,,,,Australia,,
Denise Regan,,,noobits@gmail.com,,,,,,,,,Australia,,
Cora Lanigan,,,cora.lanigan3@gmail.com,,,,,,,,,Australia,,
annabelle Peries,,,annabelle.peries@gmail.com,,,,,,,,,Australia,,
MISHA SMITS,,,islainbloom@gmail.com,,,,,,,,,Australia,,
Amanda Shute,,,sea-jane@hotmail.com,,,,,,,,,Australia,,
Becky Banks,,,rebeccabanks01@gmail.com,,,,,,,,,Australia,,
Rahul Mahabeer,,,rah1672@hotmail.com,,,,,,,,,Australia,,
Diksha Sadhwani,,,diksha.sadhwani@anz.com,,,,,,,,,Australia,,
Harald Ramfjord,,,harald@ramfjordtechnology.no,,,,,,,,,Australia,,
Marianne Kambouridis,,,kambouridis.marianne@gmail.com,,,,,,,,,Australia,,
Matthew Awty,,,mattawty1@gmail.com,,,,,,,,,Australia,,
youssef mitkis,,,youssef.clashertomtom@gmail.com,,,,,,,,,Australia,,
PRASHANT KUMAR,,,prashantanand000@gmail.com,,,,,,,,,Australia,,
Kenneth Radley,,,kenradley@bigpond.com,,,,,,,,,Australia,,
Mischa Warren,,,mischa@markandmischa.com,,,,,,,,,Australia,,
hryy jj,,,jhxu27@iskl.edu.my,,,,,,,,,Australia,,
Hayley Robins,,,hayley.robins@live.com,,,,,,,,,Australia,,
Godknows Maremera,,,maremerag@gmail.com,,,,,,,,,Australia,,
serenity cline,,,scli238741@adams12.org,,,,,,,,,Australia,,
Sophia Lacey,,,sophia.j.lacey@gmail.com,,,,,,,,,Australia,,
Alex Smith,,,alex1000smith2000@gmail.com,,,,,,,,,Australia,,
Adam Gilbertson,,,adamgilbertson@yahoo.com,,,,,,,,,Australia,,
Kerrin Duczmal,,,kduczmal@yahoo.com,,,,,,,,,Australia,,
Kathy Freeman,,,kathfree2@comcast.net,,,,,,,,,Australia,,
laura  smith,,,laurajean7373@gmail.com,,,,,,,,,Australia,,
Josh Croll,,,jjcjoshcroll@gmail.com,,,,,,,,,Australia,,
Flugge Thomas,,,peterflugge@iprimus.com.au,,,,,,,,,Australia,,8 Bronte Crt
Mathieu Aubry,,,aubry.mathieu@yahoo.fr,,,,,,,,,Australia,,
Victoria Hunt,,,victoria6100@hotmail.com,,,,,,,,,Australia,,
Andreas Rohner,,,andreaselijah@gmail.com,,,,,,,,,Australia,,
community development organization(president)  R.Naseem,,,cdotlk@gmail.com,,,,,,,,,Australia,,
Vanessa Desloires,,,mclv.des@gmail.com,,,,,,,,,Australia,,
Erik Geddes,,,erikgeddes@hotmail.com,,,,,,,,,Australia,,
Ed Blogg,,,eblogg@hotmail.co.uk,,,,,,,,,Australia,,
Ruth Carolane,,,racarolane@yahoo.com.au,,,,,,,,,Australia,,
Natasha Beecroft,,,sudareva.n@gmail.com,,,,,,,,,Australia,,
elissa hunt,,,elissahunt1984@outlook.com,,,,,,,,,Australia,,
Maria Paula  Tarazona ,,,mapix.salas@gmail.com,,,,,,,,,Australia,,
Barbara Biddle,,,barbara.biddle@yahoo.com,,,,,,,,,Australia,,
mya meggison,,,clouded.mya@gmail.com,,,,,,,,,Australia,,
Phil Holliday,,,bundybear.ph@gmail.cpm,,,,,,,,,Australia,,
Andy Regan,,,andyregan1983@gmail.com,,,,,,,,,Australia,,
Jarah Dennis,,,jarah_dennis@yahoo.com,,,,,,,,,Australia,,
Juliet Wheaton,,,julietpwheaton@gmail.com,,,,,,,,,Australia,,
Jacque Dalrymple,,,jacquedalrymple@gmail.com,,,,,,,,,Australia,,
David Fox,,,david.fox088@gmail.com,,,,,,,,,Australia,,
shaughan Terry,,,stjlt@iig.com.au,,,,,,,,,Australia,,
Mohit Sharma,,,mohitbhojak7014@gmail.com,,,,,,,,,Australia,,
hana faltejskova,,,faha300791@him-mail.ch,,,,,,,,,Australia,,
Colm OMathuna,,,colm.omathuna@gmail.com,,,,,,,,,Australia,,
Gemma  Bundy,,,gembundy@icloud.com,,,,,,,,,Australia,,
Johannes Weber,,,capt.weber@yahoo.com.sg,,,,,,,,,Australia,,
df df,,,sandraallen359@gmail.com,,,,,,,,,Australia,,
Tony Pepple,,,apepple25@gmail.com,,,,,,,,,Australia,,
Laurie Campbell,,,kozzicamp@gmail.com.au,,,,,,,,,Australia,,
Emma Draper,,,petem7669@hotmail.com,,,,,,,,,Australia,,
Emmeline McLean,,,emmelinekmclean@rvschools.ab.ca,,,,,,,,,Australia,,
Isobel Mullins,,,izzy.porter@icloud.com,,,,,,,,,Australia,,
Rehat kohli,,,rehat.kohli908@schools.sa.edu.au,,,,,,,,,Australia,,
Bronwen Wadeleeuwen,,,bronwen.wadeleeuwen@mq.edu.au,,,,,,,,,Australia,,
Murray Raeburn,,,murrayraeburn@gmail.com,,,,,,,,,Australia,,
Danny Pikler,,,danielpikler@gmail.com,,,,,,,,,Australia,,
Anna Qurdadze,,,ana.qurdadze@yahoo.com,,,,,,,,,Australia,,
Simeon,,,yarrambat@gmail.com,,,,,,,,,Australia,,
João Ricardo Lopes Machado,,,joaor_machado@hotmail.com,,,,,,,,,Australia,,
C S,,,lewiscgj@yahoo.com,,,,,,,,,Australia,,
willem groeneveld,,,bill.groeneveld@gmail.com,,,,,,,,,Australia,,
Emma Winterburn,,,emleigh@live.com,,,,,,,,,Australia,,
Marie-ceciel Brinkhuis,,,marie-ceciel@home.nl,,,,,,,,,Australia,,
LINDA STARR,,,hyanotha@msn.com,,,,,,,,,Australia,,
Sabrina Gasparote,,,sabrinagte@gmail.com,,,,,,,,,Australia,,
S Goff,,,mesagarden74@gmail.com,,,,,,,,,Australia,,
Christine Bender,,,chrisso251@att.net,,,,,,,,,Australia,,
Marisara Satrulee,,,sarabangkok@gmail.com,,,,,,,,,Australia,,
Mitzi Bonebrake,,,mitzibonebrake@gmail.com,,,,,,,,,Australia,,
Yury Bohórquez,,,ybohorquezm@gmail.com,,,,,,,,,Australia,,
Elian Adams,,,elianjuana@gmail.com,,,,,,,,,Australia,,
patrizia schenone,,,pschenone@seawaykayakingtours.com.au,,,,,,,,,Australia,,
Name,,,Email,,,Physical Address City,,,,Company,,Physical Address Country,,Physical Address
Susan Moustafa,,,semoustafa@gmail.com,,,,,,,,,Australia,,
Alexandra Samootin,,,alexandrasamootin@hotmail.com,,,,,,,,,Australia,,
laurel mackenzie,,,laurel.mackenzie@rmit.edu.au,,,,,,,,,Australia,,
,,,office@hopeaustralia.org.au,,,,,,,Householders' Options to Protect the Environment Inc.,,Australia,,
priyantha jude,,,priyantha@topaz.lk,,,,,,,,,Australia,,
Liz McColl,,,lizhibbsqb@gmail.com,,,,,,,,,Australia,,
Cheryl Ferguson,,,jerseygirl312@comcast.net,,,,,,,,,Australia,,
Kathy Piacentine,,,kpiacent@optonline.net,,,,,,,,,Australia,,
Lisa Mason,,,lisa.mason@alexmann.com,,,,,,,,,Australia,,
Toni SKy,,,seren1@rbx.life,,,,,,,,,Australia,,
janet anstee,,,janet.anstee@csiro.au,,,,,,,,,Australia,,
Shelley Sponberg,,,shelleymariespon@gmail.com,,,,,,,,,Australia,,
Amy Curran,,,amycurran97@outlook.com,,,,,,,,,Australia,,
Never gonna give you up Never gonna let you down and dessert you,,,jaksonmjturvey1@gmail.com,,,,,,,,,Australia,,
Z He,,,zcl073@gmail.com,,,,,,,,,Australia,,
Josh Fogarty,,,josh@bondibar.co,,,,,,,,,Australia,,
Jacqui Agostinello,,,jacquiagostinello@gmail.com,,,,,,,,,Australia,,
Lynne Hall,,,yellowwales@gmail.com,,,,,,,,,Australia,,
Cecilia Howe,,,cc.howe1503@gmail.com,,,,,,,,,Australia,,
Courtney J,,,courtaj7@gmail.com,,,,,,,,,Australia,,
Jay Mac,,,eunoiasix6@gmail.com,,,,,,,,,Australia,,
Juan Carlos Benitez Aragon,,,benitej@gmail.com,,,,,,,,,Australia,,
Colleen Ens,,,colleenens@shaw.ca,,,,,,,,,Australia,,
Misika Rea,,,mrea@steamships.com.pg,,,,,,,,,Australia,,
Karuna  Arnold,,,karunatzadi@gmail.com,,,,,,,,,Australia,,
Mahrad Ebad,,,ebad@dayangas.com,,,,,,,,,Australia,,
Bondi Tay,,,bonditaydesigns@gmail.com,,,,,,,,,Australia,,
kayla twaddell,,,kayla@ahipara.school.nz,,,,,,,,,Australia,,
Jamie Adams,,,adamsj@dyc.edu,,,,,,,,,Australia,,
Nikolaos  Sarakasidis,,,niksarak17@yahoo.gr,,,,,,,,,Australia,,
Mar Lou Jennings,,,mljenn331@gmail.com,,,,,,,,,Australia,,
Christian  Ballnath,,,baerch7@gmail.com,,,,,,,,,Australia,,
Charlie Welling,,,charl.lou85@googlemail.com,,,,,,,,,Australia,,
Scott Hook,,,scottmhook@gamil.com,,,,,,,,,Australia,,
Ashleigh Camm,,,dreams@lifewild.com.au,,,,,,,,,Australia,,
bonnie sobol,,,bonniejean10828@yahoo.com,,,,,,,,,Australia,,
Daniel Caleca,,,dfcaleca@gmail.com,,,,,,,,,Australia,,
Megan  Millius,,,meganmillius@aol.com,,,,,,,,,Australia,,
Leonard Schreiber,,,leonard.aschreiber@gmail.com,,,,,,,,,Australia,,
Yuko Tada,,,yukoman725@hotmail.com,,,,,,,,,Australia,,
Tony  Nelson,,,onetonpump@gmail.com,,,,,,,,,Australia,,
F B,,,fabianb@ihug.com.au,,,,,,,,,Australia,,
Liz Walkerl,,,lizwalkerartist@gmail.com,,,,,,,,,Australia,,
mohamed sharafeldin,,,mohdsharaf99@gmail.com,,,,,,,,,Australia,,
Maureen Fox,,,fox.maureen@ymail.com,,,,,,,,,Australia,,
allen chang,,,allenchang@dapitem.com,,,,,,,,,Australia,,
Kira Mason,,,1712108@wwstudent.ogr,,,,,,,,,Australia,,
Arlene Mangin,,,arlenemangin@aol.com,,,,,,,,,Australia,,
Ruth Smith,,,rsm29888@bigpond.net.au,,,,,,,,,Australia,,
Douglas Bass,,,douglas.bass@gmail.com,,,,,,,,,Australia,,
Alison  Ford,,,falmouthfordy@hotmail.co.uk,,,,,,,,,Australia,,
Michelle Watkins,,,chelleb_7@hotmail.com,,,,,,,,,Australia,,
David Hickey,,,dahickey46@gmail.com,,,,,,,,,Australia,,
Lyn Czydel,,,lfczydel@hotmail.com,,,,,,,,,Australia,,
Emma White,,,whitefin@ymail.com,,,,,,,,,Australia,,
Lisa McLean,,,lisa@opencities.net.au,,,,,,,,,Australia,,
Bryony Nash,,,bryonynash@icloud.com,,,,,,,,,Australia,,
Elissa Ashton-Smith,,,lissashton@gmail.com,,,,,,,,,Australia,,
rachel wood,,,woodleg@bigpond.com,,,,,,,,,Australia,,
Danielle Ferreira,,,fdanielle89@yahoo.com,,,,,,,,,Australia,,
Carmen Chan,,,carmencrimson@yahoo.com.hk,,,,,,,,,Australia,,
Liz Coolahan,,,liza.coolahan@gmail.com,,,,,,,,,Australia,,
Chelsee  Benjamin,,,chelsee54@hotmail.co.uk,,,,,,,,,Australia,,
Bronwyn H,,,carneggan@gmail.com,,,,,,,,,Australia,,
Katie O'Hara,,,kohara@marinelife.org,,,,,,,,,Australia,,
Emma Davidson,,,dreamcavestudio.au@gmail.com,,,,,,,,,Australia,,
Nathalie LOCH,,,nloch@aer-bfc.com,,,,,,,,,Australia,,
Donald Shaw,,,donshawiii@msn.com,,,,,,,,,Australia,,
Michelle Bedford,,,franjapani8@gmail.com,,,,,,,,,Australia,,
Praneeth Tugnait,,,praneethtugnait65@gmail.com,,,,,,,,,Australia,,
Diana Cowans,,,cognitas@msn.com,,,,,,,,,Australia,,
Mason Smith,,,324141@pesd92.org,,,,,,,,,Australia,,
Dadi Mufanga,,,daanearthxxx@gmail.com,,,,,,,,,Australia,,
Cath Veluz,,,veluzcatherine@gmail.com,,,,,,,,,Australia,,
Heather Nowaske,,,thedragonfly4me@aol.com,,,,,,,,,Australia,,
Anja Wiemann,,,wiemann.anja@t-online.de,,,,,,,,,Australia,,
Briony Doney,,,brionydoney@gmail.com,,,,,,,,,Australia,,
Anjali yadav,,,ay2527518@gmail.com,,,,,,,,,Australia,,
Juliette  Roux,,,juliette_roux@icloud.com,,,,,,,,,Australia,,
Laurent Seroen,,,laurent@eccrt.com,,,,,,,,,Australia,,
Charli Scott,,,charliscott3@hotmail.com,,,,,,,,,Australia,,
amika prasad,,,amikaprasad@hotmail.com,,,,,,,,,Australia,,
Dani Fisher,,,danifisher@outlook.com,,,,,,,,,Australia,,
Hank Wyllie,,,hankwyllie@outlook.com,,,,,,,,,Australia,,
Ahmed Yassin,,,odenplanfg@gmail.com,,,,,,,,,Australia,,
Peter Moss,,,petermaxwellmoss@hotmail.com,,,,,,,,,Australia,,
Christian Hose,,,c.hose@gmx.net,,,,,,,,,Australia,,
Jonathan Levy,,,jonathanlevy@live.co.uk,,,,,,,,,Australia,,
Valeria Told,,,valeria.told@gmail.com,,,,,,,,,Australia,,